age_first_funding_year,age_last_funding_year,age_first_milestone_year,age_last_milestone_year,relationships,funding_rounds,funding_total_usd,milestones,is_CA,is_NY,is_MA,is_TX,is_otherstate,is_software,is_web,is_mobile,is_enterprise,is_advertising,is_gamesvideo,is_ecommerce,is_biotech,is_consulting,is_othercategory,has_VC,has_angel,has_roundA,has_roundB,has_roundC,has_roundD,avg_participants,is_top500
-0.15397346938192039,-0.2223649734313542,0.226415177213465,1.0297808729959235,16,2,-0.050778583707021326,4,0,0,0,0,1,0,1,0,0,0,0,0,0,0,0,0,0,1,1,0,0,-0.18205013524416824,1
-0.5184221958800795,-0.456338745095327,0.12008113143722018,-0.030764128759614116,5,2,-0.06070254831592342,2,0,0,1,0,0,1,0,0,0,0,0,0,0,0,0,0,0,1,1,0,0,-0.4475368430457585,1
1.3027827797117846,0.49979663622096215,-0.8594789770954098,-1.1818940269057001,5,1,0.010182913176234445,0,1,0,0,0,0,0,0,0,0,0,0,0,0,0,1,0,0,0,0,1,0,1.6763568193669638,1
2.125838475430471,1.1925055911847258,1.4640492751986711,0.8494519771403476,6,1,-0.06070254831592342,1,1,0,0,0,0,0,0,0,0,0,0,0,0,0,1,0,0,0,0,0,1,1.6763568193669638,1
1.1429894106453988,0.3653096285106745,0.7180194275239762,0.5714050592501535,7,1,-0.10795952264402867,2,1,0,0,0,0,0,0,0,1,0,0,0,0,0,0,0,0,1,0,0,0,-0.9785102586489391,0
-0.18681100672506268,-0.14960750226008873,-0.19613496102401407,-0.601965112753663,4,2,0.24646778481676068,1,1,0,0,0,0,0,0,1,0,0,0,0,0,0,0,0,0,1,1,0,0,-0.9785102586489391,0
-0.8850680812029015,-1.049560936105405,-0.7222662673710415,-0.5535120519762603,3,2,-0.12069528195115047,2,1,0,0,0,0,0,0,1,0,0,0,0,0,0,0,1,0,0,0,0,0,1.1453834037637833,1
0.963501508841581,1.8354543532956824,2.501751486739959,1.906024465833944,22,3,-0.001631330405791866,3,1,0,0,0,0,0,0,1,0,0,0,0,0,0,0,0,0,1,1,0,0,-0.9785102586489391,1
-0.9310486231517539,-1.3802644880650023,-0.8440230615209461,-1.1683816832059577,1,1,-0.1308791551931597,1,0,1,0,0,0,0,0,0,0,0,1,0,0,0,0,0,1,0,0,0,0,-0.9785102586489391,0
-0.8850680812029015,-0.17448759868649188,-0.8594789770954098,-0.6273949956392298,4,5,-0.08433102130288375,2,0,0,0,0,1,0,0,0,1,0,0,0,0,0,0,1,0,1,1,0,0,-0.7130235508473488,1
0.5180375442267646,-0.01142210183776832,0.451753139472918,0.22025810173109522,5,2,2.2785176809252863,3,0,0,0,0,1,0,0,0,0,0,0,0,0,0,1,1,0,0,0,0,0,-0.18205013524416824,1
0.9087722799363441,0.16818529695932072,-0.8594789770954098,-1.1818940269057001,2,1,-0.07960533804716552,0,0,1,0,0,0,0,0,0,0,0,0,0,0,0,1,0,0,0,0,1,0,0.08343657255742204,1
1.5140296136175462,0.677588460413962,1.1323772671629735,0.5594875200643291,2,1,-0.08433103547997604,1,1,0,0,0,0,0,0,0,0,0,0,0,0,0,1,0,0,0,0,1,0,-0.9785102586489391,1
-0.5523383384644199,-1.0615302797916206,-0.8594789770954098,-1.1818940269057001,3,1,-0.12901250470719955,0,1,0,0,0,0,0,0,0,0,0,0,0,0,0,1,0,1,0,0,0,0,-0.4475368430457585,1
0.10433251171389207,-0.45267397413522154,0.27364527115774834,0.3259211498895963,8,2,-0.03352978807726291,3,1,0,0,0,0,0,0,0,1,0,0,0,0,0,0,0,0,1,1,0,0,-0.4475368430457585,1
-0.5862944293910268,1.2892353714803497,0.57171890477943,0.5300851241168208,16,7,-0.006872984210014077,3,0,0,0,0,1,0,1,0,0,0,0,0,0,0,0,1,0,1,1,0,0,-0.8015368192283991,1
-0.5862944293910268,1.0423508470761893,1.795721283234369,1.681215022262907,5,2,-0.060229978572642374,3,0,1,0,0,0,0,0,0,0,1,0,0,0,0,0,0,1,1,0,0,0,-0.9785102586489391,0
-0.7953041561298593,-1.0210160687188967,-0.6668438748282765,-0.8720670045199742,2,2,-0.12828002160511393,2,0,0,0,0,1,0,1,0,0,0,0,0,0,0,0,0,1,0,0,0,0,-0.18205013524416824,0
-0.002928787271919297,0.22255166982620436,-1.0766578079571847,-1.3717627533990768,1,2,-0.0370740611518708,1,0,0,0,1,0,0,0,0,0,0,0,0,0,0,1,1,0,0,0,1,0,-0.4475368430457585,1
1.1933243219013103,0.7392843752010566,1.6303164528269667,2.556675711066822,6,2,-0.08433103547997604,2,0,0,0,0,1,0,0,1,0,0,0,0,0,0,0,0,0,1,1,0,0,0.8798966959621929,1
-0.5195008011212776,-0.40846137035046454,0.13643256143338015,-0.12450963773229094,6,2,-0.08669388419638131,2,1,0,0,0,0,0,0,0,0,0,0,1,0,0,0,0,0,1,1,0,0,-0.18205013524416824,1
-0.41223950213546623,-0.8782244882824988,-0.41875321281757444,-0.28022055118211286,7,2,-0.1226091846857413,2,0,1,0,0,0,0,1,0,0,0,0,0,0,0,0,0,1,1,0,0,0,-0.18205013524416824,1
-0.21960859572593835,0.4408577050919286,1.0760261929977086,1.2402950688331134,27,6,0.2393792386675449,3,0,0,0,0,1,0,0,0,0,0,0,1,0,0,0,0,0,1,1,1,1,0.29582593879869423,1
0.9525556630605336,1.8243927969115112,0.8842866051522718,1.6525955303495037,19,4,26.804887357211907,2,0,0,0,0,1,0,0,1,0,0,0,0,0,0,0,0,0,0,0,0,0,0.7471533420613978,1
-0.9518217611303841,-0.6626754366748355,-0.8594789770954098,-1.1818940269057001,9,2,-0.10795952264402867,0,0,0,0,0,1,1,0,0,0,0,0,0,0,0,0,0,0,1,1,0,0,-0.18205013524416824,1
-0.45054996236913225,-0.9758620558801676,-0.8594789770954098,-1.1818940269057001,5,1,-0.03471121243546554,0,0,0,0,0,1,1,0,0,0,0,0,0,0,0,0,1,0,0,0,0,0,0.6144099881606027,1
-0.5293680416611269,-0.5843703764355207,0.022868065881957184,-0.3835058907925906,21,4,0.040899946489502854,3,0,1,0,0,0,0,0,0,0,0,0,1,0,0,0,0,0,1,1,1,0,-0.7130235508473488,1
-0.3717718314194041,-0.6663738293868685,-0.1425367645254453,-0.18331442962730746,12,2,-0.1046515344410613,3,1,0,0,0,0,0,0,0,1,0,0,0,0,0,0,0,0,1,1,0,0,0.6144099881606027,1
0.9733687493814305,1.3914791190920959,1.1323772671629735,0.5594875200643291,4,4,-0.09751473892105653,1,1,0,0,0,0,0,0,0,1,0,0,0,0,0,0,1,0,1,1,0,0,-0.9785102586489391,0
-0.5764271888511775,-0.8386180645118191,-1.0539382754067395,-0.0935414337165721,14,3,-0.08196818676357079,3,0,1,0,0,0,0,0,0,0,0,0,0,0,0,1,1,0,1,0,0,0,1.853330258787504,1
-0.7121317075308056,-0.9629849248919076,0.03285139332383169,-0.15550683819371733,23,2,-0.08527617496653815,2,1,0,0,0,0,0,0,0,0,0,0,0,0,0,1,0,1,1,0,0,0,0.8798966959621929,1
-0.6508509504938467,-0.4544895487393105,0.3154691113710498,0.5785381848942237,13,3,-0.053614002166707635,4,1,0,0,0,0,0,1,0,0,0,0,0,0,0,0,0,0,1,1,1,0,-0.8015368192283991,1
0.22361826172194896,0.34042953208427135,0.5217359331684502,1.9362097658155573,2,3,-0.049360874477178164,2,1,0,0,0,0,0,1,0,0,0,0,0,0,0,0,1,0,0,0,1,0,1.1453834037637833,1
-0.185692453141598,2.006790801118589,2.2391667579780967,1.8512211834465766,35,7,0.027538774207030617,3,0,0,0,0,1,0,1,0,0,0,0,0,0,0,0,1,0,1,1,0,0,-0.4475368430457585,1
0.3768601026566128,0.5651909437200893,2.127393291270067,1.4293808912923847,9,2,-0.020534120137033963,1,1,0,0,0,0,1,0,0,0,0,0,0,0,0,0,1,0,0,1,0,0,1.1453834037637833,1
-0.13316038306102365,-0.708737236815609,-0.41875321281757444,-0.327107803891305,6,1,-0.12402689391558445,2,1,0,0,0,0,0,0,0,0,0,1,0,0,0,0,0,0,1,0,0,0,0.08343657255742204,1
-0.38599344126631235,-0.9215293047652113,-0.0007801482909880455,-0.4311760475358881,6,1,-0.12449946365886551,1,1,0,0,0,0,0,0,0,0,0,0,1,0,0,0,0,0,0,0,0,0,-0.9785102586489391,0
-0.6530481093185094,0.28979517368134816,-0.558718800208639,0.38866945840084677,10,5,0.23972726738068167,4,1,0,0,0,0,0,0,0,0,0,1,0,0,0,0,0,0,1,1,1,0,0.7913834275811429,1
1.3640635367487433,1.6033297779877265,1.9610929464409679,1.3578756561774388,9,5,0.447309925711208,2,0,0,0,0,1,0,0,1,0,0,0,0,0,0,0,1,0,0,0,1,1,1.4639674531256914,1
0.46770263297085296,-0.20303246607300046,-0.8694623045372842,0.10189461035266424,4,1,-0.12449946365886551,2,0,0,0,0,1,0,0,0,1,0,0,0,0,0,0,1,0,0,0,0,0,-0.4475368430457585,0
-0.8850680812029015,-0.20303246607300046,0.9306543518756624,1.3443633124776964,17,5,0.0021492275404565537,4,1,0,0,0,0,0,1,0,0,0,0,0,0,0,0,0,1,1,1,1,1,-0.4475368430457585,1
0.6307717661030997,-0.06578847470465196,-0.8594789770954098,-1.1818940269057001,21,1,0.08106837466839231,0,0,1,0,0,0,0,0,0,0,1,0,0,0,0,0,0,0,0,1,0,0,-0.9785102586489391,0
-0.18681100672506268,0.5283415036074707,-0.11162493337651828,-0.5280821690906935,5,3,0.19732053151553125,1,1,0,0,0,0,0,0,0,0,0,0,0,0,0,1,1,0,0,1,0,1,2.5613302111527845,1
-0.352077298681972,-0.8929844373787029,-0.0725539708299131,0.023256249593648175,3,1,-0.12213661494246024,2,0,0,0,0,1,0,1,0,0,0,0,0,0,0,0,0,0,0,0,0,0,4.331223897382867,1
-0.8686493125313303,-0.28500229727242066,-0.2470134470566901,0.11937946711434835,30,2,-0.09909883995750894,5,1,0,0,0,0,0,1,0,0,0,0,0,0,0,0,1,0,1,0,0,0,2.2073302349701445,1
1.5019652142530342,1.143686807385891,0.46810456946907797,-0.021253294567520724,5,3,0.24646778481676068,1,1,0,0,0,0,1,0,0,0,0,0,0,0,0,0,1,0,0,0,0,1,0.6144099881606027,1
-1.3053645901897624,-1.1315307673048254,-1.3101880688151195,-0.6996831347882811,11,2,-0.11410292930668235,3,1,0,0,0,0,0,0,0,1,0,0,0,0,0,0,1,0,0,0,0,0,0.08343657255742204,0
-0.8850680812029015,-0.18000156600261366,-0.18794266242553226,-0.02919832069140366,9,4,0.03853709777309759,3,1,0,0,0,0,1,0,0,0,0,0,0,0,0,0,0,0,1,1,1,1,0.08343657255742204,1
0.3484168829627961,-0.30342701732873006,0.7997765775047758,0.2687111625084978,6,1,-0.11693834776636866,1,1,0,0,0,0,0,0,0,0,1,0,0,0,0,0,0,0,1,0,0,0,1.1453834037637833,1
0.22693397413007635,2.3402513367362467,-1.4946640396845747,-1.737204958651983,10,3,-0.04175405636480861,1,0,0,1,0,0,0,0,0,0,0,0,0,1,0,0,0,0,0,1,0,0,-0.4475368430457585,1
-0.7537179318303324,0.46479639246435983,2.127393291270067,1.4293808912923847,9,3,0.03452025495520865,1,1,0,0,0,0,0,1,0,0,0,0,0,0,0,0,0,0,1,1,1,0,0.08343657255742204,1
1.3093742561857729,0.871955808307255,1.380434761972872,0.7763519375114835,3,2,-0.07015394318154447,1,0,0,0,0,1,0,0,0,0,0,0,0,0,0,1,0,0,1,1,0,0,-0.7130235508473488,1
-1.6785620036443059,-2.009394710133727,-0.8594789770954098,-1.1818940269057001,3,1,-0.09141958162919184,0,0,0,0,0,1,0,0,0,0,0,0,0,0,0,1,1,0,0,0,0,0,-0.9785102586489391,0
-0.47244165393122706,-0.994286775936477,-0.3760670253833801,-0.5423774168245412,5,1,-0.11930119648277393,2,1,0,0,0,0,0,1,0,0,0,0,0,0,0,0,0,0,1,0,0,0,0.6144099881606027,1
0.7238114552420026,1.4393564938369585,1.0678670616000303,2.036305496398199,15,4,-0.01580842270422344,5,0,0,0,0,1,1,0,0,0,0,0,0,0,0,0,0,0,0,1,1,1,0.7913834275811429,1
-0.6530481093185094,-0.49688657791997853,-0.6631954827398837,0.2592003283164044,9,3,-0.1249011479406544,4,1,0,0,0,0,0,0,0,0,0,0,0,0,0,1,1,1,0,0,0,0,-0.9785102586489391,1
-0.08502263062977503,0.13318505320271845,-0.33424318517007867,0.03357898426555433,7,4,0.010182913176234445,2,0,0,0,0,1,0,0,0,0,0,0,0,0,0,1,0,1,1,1,0,0,-0.4475368430457585,1
-0.7044616258156191,0.7033763441424099,0.3818035129781895,-0.09670204629870068,2,3,-0.059349037685705,1,0,0,0,0,1,0,0,0,0,0,0,0,0,0,1,0,0,1,0,0,0,-0.9785102586489391,0
-0.7406148755668889,-1.2199895966262668,-0.7350024724796123,-1.02458830894196,9,1,-0.13111544006480025,3,1,0,0,0,0,0,0,0,0,0,0,1,0,0,0,0,1,0,0,0,0,-0.9785102586489391,0
-0.8533091491009573,-1.3148365588139472,-0.6931786322663108,-0.7822940086092389,8,1,-0.12331803930066287,2,0,1,0,0,0,0,0,0,0,0,0,0,0,0,1,0,0,0,0,0,0,1.1453834037637833,1
-0.5512597332232219,-0.7032232694994872,-0.0961690178020547,-0.06970635534492343,21,2,-0.10819580751566919,3,1,0,0,0,0,0,1,0,0,0,0,0,0,0,0,0,1,1,0,0,0,5.127684020787638,1
-0.6136190955013788,0.1884592133716465,-0.8594789770954098,-1.1818940269057001,2,5,0.2718972872551292,0,0,0,1,0,0,0,0,0,0,0,0,0,1,0,0,0,0,1,1,1,0,0.968409964343243,1
0.3002391821892808,-0.09248414573514407,1.4513130700901007,1.2347277512572532,16,2,0.06925413108636601,3,0,0,0,1,0,0,0,0,0,0,0,0,0,0,1,0,0,0,0,1,1,1.4108701115653735,1
0.4129734040656159,-0.24909426621377395,0.41268217692631287,1.1076363297208347,19,1,-0.06306539703232869,3,1,0,0,0,0,0,0,0,1,0,0,0,0,0,0,0,0,0,0,1,0,3.269277066176506,1
-0.5819001117417012,-0.3890952412401832,-0.6077730901971186,-0.06970635534492343,12,2,-0.05833969959951816,2,1,0,0,0,0,1,0,0,0,0,0,0,0,0,0,0,0,1,1,0,0,-0.9785102586489391,1
-0.45166851595259694,-0.5014927579340559,-0.023499680841433276,0.27349557605025204,10,2,-0.09189215137247289,3,0,0,1,0,0,0,1,0,0,0,0,0,0,0,0,0,0,1,1,0,0,-0.4475368430457585,1
2.0689120877005704,1.1445945946879355,0.46810456946907797,-0.021253294567520724,4,1,-0.08433103547997604,1,1,0,0,0,0,0,0,0,0,0,0,0,1,0,0,0,0,0,0,1,0,-0.9785102586489391,0
-0.1561306798643166,-0.7280697441739629,0.4326819990108655,0.530868028150926,15,1,-0.12071890571261709,3,1,0,0,0,0,0,1,0,0,0,0,0,0,0,0,0,0,1,0,0,0,-0.9785102586489391,0
-0.5972402751720743,-0.13303197855979576,0.08193885051311502,-0.016468881025766494,17,4,0.18030802075741334,4,1,0,0,0,0,0,0,0,0,0,0,0,0,0,1,1,0,1,1,1,0,-0.2705634036252185,1
-1.1838417330147761,-1.0661364598056982,-1.440137161563506,-1.1087939872768358,7,2,-0.11504806879324446,2,0,0,0,1,0,0,0,0,1,0,0,0,0,0,0,0,1,1,0,0,0,-0.9785102586489391,1
-0.6190920183919025,0.38373434856698396,0.05192253378588435,0.5586756195845163,15,4,0.062165584937150214,2,0,0,1,0,0,0,0,0,0,0,0,0,0,0,1,1,0,1,1,1,0,-0.5802801969465538,1
1.0751171771344514,1.3822667590639413,-0.8594789770954098,-1.1818940269057001,3,3,-0.11043498000456037,0,1,0,0,0,0,0,0,0,0,1,0,0,0,0,0,1,0,1,0,0,0,-0.4475368430457585,1
0.7314815369571891,1.7866355694968483,1.1314485855404737,0.5586756195845163,2,5,-0.04220344656218173,1,0,0,0,0,1,0,0,0,1,0,0,0,0,0,0,1,0,0,0,1,0,0.08343657255742204,1
1.1780241068132038,0.677588460413962,-0.8594789770954098,-1.1818940269057001,1,3,-0.012823620222988552,0,0,0,0,0,1,0,0,1,0,0,0,0,0,0,0,1,0,0,1,0,0,-0.9785102586489391,1
1.8445621975313655,2.111791532388396,3.4559055194570543,2.590833524110377,22,2,-0.08905673291278657,1,1,0,0,0,0,0,0,0,0,0,0,0,0,0,1,0,0,0,0,0,0,0.6144099881606027,1
0.8310727542278139,0.10279098946019323,0.7997765775047758,0.2687111625084978,3,1,-0.10795952264402867,1,0,0,0,0,1,1,0,0,0,0,0,0,0,0,0,1,0,0,0,0,0,1.1453834037637833,1
-0.4188309786094547,-0.9491663848496755,-0.22067868961865572,-0.018063685539684488,19,1,-0.11741091750964971,4,1,0,0,0,0,0,0,0,0,1,0,0,0,0,0,0,0,1,0,0,0,-0.4475368430457585,1
0.7862107658624263,1.057077174420466,0.7997765775047758,0.2687111625084978,8,3,0.1916496945961586,1,0,0,0,0,1,0,0,0,0,0,0,0,0,0,1,1,0,0,0,1,1,1.9418435271685541,1
-0.4604172029089815,0.575344712802216,-0.8594789770954098,-1.1818940269057001,0,3,0.07634267723558179,0,1,0,0,0,0,0,0,0,0,0,0,0,0,0,1,0,0,0,1,1,0,0.8798966959621929,1
-0.5195008011212776,-0.08145621110290052,-0.6668438748282765,0.2337704454308376,14,3,0.0007315183106133962,2,0,0,1,0,0,0,0,0,0,0,0,0,0,0,1,0,0,1,1,1,0,-0.09353686686311802,1
0.3724657850072871,0.2990075337095029,0.7997765775047758,0.2687111625084978,5,2,-0.06542824574873395,1,1,0,0,0,0,1,0,0,0,0,0,0,0,0,0,1,0,1,0,0,0,-0.4475368430457585,1
0.8004323757093346,0.5449506490596916,0.7997765775047758,0.2687111625084978,9,2,-0.0370740611518708,1,1,0,0,0,0,1,0,0,0,0,0,0,0,0,0,0,0,0,0,1,1,0.8798966959621929,1
-0.8095657143190342,-0.9418032211775372,-0.4096653997973963,-0.7012779393021994,6,2,-0.12612982927318514,2,1,0,0,0,0,1,0,0,0,0,0,0,0,0,0,0,1,0,0,0,0,3.534763773978096,1
-0.36410174970421755,-0.4508247777792051,-0.8594789770954098,-0.11578170757430278,4,3,-0.11607672553053662,2,1,0,0,0,0,0,0,0,0,0,0,0,0,0,1,1,0,0,0,0,0,-0.4475368430457585,1
-0.5873730346322249,0.31188466469776277,0.15006428096364735,0.8017818203970503,30,6,0.4603055936514369,5,0,1,0,0,0,0,1,0,0,0,0,0,0,0,0,1,0,1,1,1,1,0.3489232803590123,1
-0.4407226701715495,-0.6903125167592997,-0.8594789770954098,-0.8593665613000445,3,2,-0.11221265033355814,2,0,0,0,1,0,0,0,0,1,0,0,0,0,0,0,0,0,1,0,0,0,-0.7130235508473488,1
0.7019197636799078,2.1044283687162575,0.1355370470116838,-0.31200065567764446,8,4,0.14722813872773965,1,0,0,0,0,1,0,0,0,0,0,0,0,0,0,1,0,0,0,1,1,0,1.6763568193669638,1
-0.8850680812029015,-1.3415658515963669,-0.7686008468936285,-0.931654700449096,5,1,-0.13149349585942507,2,0,0,0,1,0,0,0,1,0,0,0,0,0,0,0,0,1,0,0,0,0,-0.9785102586489391,0
0.3276037966418994,0.9290455430802722,0.46810456946907797,-0.021253294567520724,2,3,0.02436000547466602,1,1,0,0,0,0,0,0,0,0,1,0,0,0,0,0,0,0,1,1,1,0,0.6144099881606027,1
1.3859552283108383,0.7816814043817247,0.8007052591272756,0.2695230629883106,4,2,-0.060466263444282894,1,0,0,1,0,0,1,0,0,0,0,0,0,0,0,0,1,0,0,0,1,0,-0.18205013524416824,1
-0.623486336041228,-1.121410619974626,-0.8594789770954098,-1.1818940269057001,3,1,-0.12733488211855182,0,1,0,0,0,0,1,0,0,0,0,0,0,0,0,0,0,0,1,0,0,0,-0.9785102586489391,1
-0.7548364854137971,0.23637020986843643,0.22004707465917955,0.1789671630434701,13,4,-0.012500434501256073,3,1,0,0,0,0,1,0,0,0,0,0,0,0,0,0,0,0,1,1,1,1,0.6144099881606027,1
3.6821859417948004,2.5023754245309986,-0.8594789770954098,-1.1818940269057001,1,1,-0.0370740611518708,0,1,0,0,0,0,0,0,0,0,0,0,0,0,0,1,0,0,0,0,1,0,1.1453834037637833,1
0.6526634576651944,0.28333979731125447,0.7870735395970088,0.9225230203235044,18,3,-0.08716645393966237,3,1,0,0,0,0,0,0,0,1,0,0,0,0,0,0,0,1,1,1,0,0,-0.7130235508473488,1
1.578586134720366,1.3214450098269634,1.795721283234369,2.081597944593473,6,3,0.34098173347297117,3,0,0,0,0,1,0,1,0,0,0,0,0,0,0,0,1,0,1,0,0,0,-0.18205013524416824,1
-0.7843583103488119,-1.0919243435341457,0.5362631671204138,0.6587713501671579,22,2,-0.11268522007683919,4,1,0,0,0,0,0,1,0,0,0,0,0,0,0,0,0,0,1,1,0,0,0.08343657255742204,1
0.24335274280164754,-0.39185222489824406,-0.8594789770954098,-0.3636433254828834,1,1,-0.0370740611518708,2,0,0,0,0,1,1,0,0,0,0,0,0,0,0,0,0,0,1,0,0,0,-0.9785102586489391,0
-1.0525315319844737,-1.1177122272625934,-0.8594789770954098,-1.1818940269057001,20,3,-0.025259817569844488,0,1,0,0,0,0,0,0,0,0,0,0,0,0,0,1,1,0,1,0,0,0,0.6144099881606027,1
0.834348518293675,0.10554797311825427,-0.8594789770954098,-1.1818940269057001,0,1,-0.11930119648277393,0,0,0,0,0,1,0,0,0,0,0,0,0,0,0,1,0,0,1,0,0,0,-0.9785102586489391,0
-0.4855846585369373,1.643877610812378,0.46810456946907797,1.4818064651317286,7,5,0.16424064948585756,2,1,0,0,0,0,0,0,0,0,0,0,0,0,0,1,1,0,1,1,1,1,3.4462505055970456,1
-0.28092930110516384,-0.1284257985457184,-0.42240160490596707,0.024039153627753402,8,2,-0.09685413367692394,3,0,1,0,0,0,0,0,0,0,0,1,0,0,0,0,0,0,1,1,0,0,0.8798966959621929,1
-0.7537179318303324,-1.2310175312585105,-0.9985158828639743,-1.303447127311967,3,1,-0.13149349585942507,1,0,0,0,0,1,0,1,0,0,0,0,0,0,0,0,0,1,0,0,0,0,-0.9785102586489391,0
-0.8850680812029015,-1.3415658515963669,-0.8594789770954098,-1.1818940269057001,2,1,-0.13099729762897996,0,0,0,0,0,1,0,0,0,1,0,0,0,0,0,0,0,1,0,0,0,0,-0.9785102586489391,0
-0.49653050431798473,-0.04921295100435913,-0.19613496102401407,-0.601965112753663,18,4,0.06925413108636601,1,1,0,0,0,0,0,0,1,0,0,0,0,0,0,0,1,0,1,1,1,0,-0.18205013524416824,1
-0.799698473779185,-0.5972811291757083,0.6761955873106746,0.4283945890202612,8,2,-0.09141958162919184,3,1,0,0,0,0,0,1,0,0,0,0,0,0,0,0,0,0,1,1,0,0,-0.9785102586489391,1
1.6311182048009407,0.7761338153136755,1.1314485855404737,0.5586756195845163,9,1,-0.06070254831592342,1,1,0,0,0,0,0,0,0,0,0,0,0,1,0,0,0,0,0,0,0,0,0.08343657255742204,1
-0.6453780276033229,0.07885230208776231,-1.107536471905308,0.11618985808651211,9,3,-0.08669388419638131,2,1,0,0,0,0,1,0,0,0,0,0,0,0,0,0,0,0,1,1,1,0,-0.4475368430457585,1
1.2338319409596392,1.5582093869009253,-0.8594789770954098,-1.1818940269057001,4,3,0.11887395413087651,0,1,0,0,0,0,0,0,0,0,0,0,0,0,0,1,0,0,0,0,1,1,0.968409964343243,1
-0.7843583103488119,0.13964042957281214,0.24004689674373222,0.7874865726632027,27,5,0.09760831568322915,3,1,0,0,0,0,0,0,0,0,1,0,0,0,0,0,1,1,1,1,1,0,-0.18205013524416824,1
-0.851151938618561,-0.7234635641598854,-0.38969874491364725,-0.5042470907190447,3,3,-0.07724248933076026,3,1,0,0,0,0,0,0,0,1,0,0,0,0,0,0,0,1,1,1,0,0,-0.7130235508473488,1
0.32213087375137567,0.32570320473999487,1.3241168550084104,0.755706468167671,11,2,-0.08716645393966237,2,1,0,0,0,0,0,0,0,0,0,0,0,0,0,1,0,0,1,0,0,0,-0.4475368430457585,1
-0.9496246023057212,-0.052877721964464434,0.13643256143338015,0.18134487159149332,16,4,-0.00369276941423504,4,0,1,0,0,0,0,1,0,0,0,0,0,0,0,0,0,0,1,1,1,0,0.3489232803590123,1
-0.31923976133882975,-0.22330638248532625,0.6062459608159462,1.664513069535328,11,2,0.03853709777309759,3,1,0,0,0,0,0,0,0,0,0,0,0,0,0,1,0,0,1,1,0,0,0.3489232803590123,1
-0.18681100672506268,-0.7538912496543381,-0.5278069690597119,-0.5701850082581313,4,1,-0.12887073378421524,2,0,1,0,0,0,0,1,0,0,0,0,0,0,0,0,0,1,0,0,0,0,1.6763568193669638,0
0.08571658421765806,1.6862410182411185,1.9856366750356094,1.7217230569164266,10,6,0.17383381527446293,3,1,0,0,0,0,0,0,1,0,0,0,0,0,0,0,1,0,0,1,1,0,0.4374365487400626,1
-1.3578966602703366,-1.7395129074111075,-0.584158043224977,-0.9411945310868971,1,1,-0.12213661494246024,1,1,0,0,0,0,0,1,0,0,0,0,0,0,0,0,0,0,0,0,0,0,-0.9785102586489391,0
-0.7843583103488119,-1.2282605476004496,-0.8594789770954098,-1.1818940269057001,5,2,-0.12943781747615252,0,0,0,0,0,1,0,0,0,0,0,0,0,0,0,1,0,1,1,0,0,0,0.8798966959621929,1
-0.6847670930781871,-0.5272806416625037,0.07557074795882958,0.5245178065409614,21,3,-0.0824407517811544,3,0,0,0,1,0,0,1,0,0,0,0,0,0,0,0,0,0,1,1,0,0,1.6763568193669638,1
0.28054464945184887,0.3127924519998072,-0.1952394466023177,2.4454453453324616,6,2,-0.0559768508831129,5,0,0,1,0,0,0,1,0,0,0,0,0,0,0,0,0,0,1,1,0,0,-0.9785102586489391,1
-0.5862944293910268,-0.636887552946388,-0.31062813819793694,-0.5741575213200728,6,2,-0.12213661494246024,3,0,0,0,0,1,0,0,0,0,1,0,0,0,0,0,0,1,0,0,0,0,-0.7130235508473488,1
-0.25136752782788246,-0.2721251662841606,-0.8594789770954098,-1.1818940269057001,1,3,-0.017462416805707124,0,0,0,0,0,1,0,0,0,0,0,0,0,0,0,1,1,0,1,1,0,0,-0.4475368430457585,1
-0.4210281374341175,1.1814440348005544,-0.8594789770954098,-1.1818940269057001,5,4,-0.041799758584681324,0,1,0,0,0,0,0,0,0,0,0,1,0,0,0,0,0,0,1,1,1,0,-0.4475368430457585,1
3.279426755062975,3.0587481754284576,2.119200992671585,2.5074107498096065,4,3,-0.11227172155146828,3,1,0,0,0,0,0,0,0,1,0,0,0,0,0,0,1,1,0,0,0,0,-0.9785102586489391,0
-0.07407678484872757,1.812423453225296,2.127393291270067,1.4293808912923847,10,4,0.10280658285932073,1,0,0,0,1,0,0,0,0,0,0,0,0,0,0,1,0,0,0,1,1,0,-0.09353686686311802,1
-0.985777852056991,-0.6396445366044489,-0.38969874491364725,-0.7711883699032274,6,3,-0.12293998350603803,1,1,0,0,0,0,0,0,0,0,0,0,0,0,0,1,0,1,1,0,0,0,-0.4475368430457585,0
-0.6180134131507045,0.769712060695509,0.06737844936034794,0.9781382031906848,16,5,0.24646778481676068,3,1,0,0,0,0,0,0,0,0,0,0,0,0,0,1,0,1,1,1,1,1,-0.3147934891449634,1
-0.8850680812029015,-1.3415658515963669,-0.7504252208532723,-1.086553713419105,2,1,-0.12449946365886551,1,0,1,0,0,0,0,0,0,0,0,0,0,0,0,1,0,0,0,0,0,0,1.6763568193669638,1
-0.9397973101081385,-0.2840945099703762,-1.5537348243157323,0.09632729277680478,3,3,-0.12539734617109952,4,1,0,0,0,0,0,0,0,0,0,0,0,0,0,1,0,1,0,0,0,0,-0.9785102586489391,0
2.2779617627816697,2.324583600337998,-0.8594789770954098,-1.1818940269057001,4,3,-0.06910077425166831,0,0,0,0,0,1,0,0,0,0,0,0,0,0,0,1,1,0,0,0,0,0,0.08343657255742204,1
0.8081024574245212,0.08345848210183966,-0.8594789770954098,-1.1818940269057001,1,1,0.10469686183244493,0,1,0,0,0,0,0,0,0,0,0,0,0,1,0,0,0,0,0,0,0,1,1.6763568193669638,1
1.1933243219013103,1.3877807263800634,1.795721283234369,1.1394164342163662,2,2,-0.08433103547997604,1,0,0,1,0,0,0,0,0,0,0,0,0,0,0,1,1,0,0,0,1,0,-0.18205013524416824,1
-0.8850680812029015,-0.5254314453064871,-0.054378344789556804,-0.4573888344555601,8,2,-0.08891496198980225,2,0,1,0,0,0,0,1,0,0,0,0,0,0,0,0,0,1,1,0,0,0,0.6144099881606027,1
1.3388960811207877,1.5277817014064725,0.9997084639486945,1.0909633734389637,3,3,0.039954807002940754,2,1,0,0,0,0,0,0,0,0,0,0,0,0,0,1,1,0,0,0,1,0,-0.7130235508473488,1
0.3057121050798045,0.4104636413494037,-0.8594789770954098,-1.1818940269057001,4,2,-0.06601895320213783,0,0,0,0,0,1,0,0,0,0,0,0,0,0,0,1,0,0,0,0,0,0,3.8002504817796865,1
1.7296308168303671,1.5499048141748146,0.7997765775047758,0.2687111625084978,4,3,-0.007774737068445548,1,1,0,0,0,0,0,0,0,0,0,0,0,0,0,1,1,0,0,0,1,0,-0.18205013524416824,1
0.5727667731320016,-0.11460725850348633,-0.8594789770954098,-1.1818940269057001,2,1,-0.032348363719060275,0,1,0,0,0,0,1,0,0,0,0,0,0,0,0,0,0,0,0,0,1,0,0.6144099881606027,1
0.046327518742794074,0.9032576593518247,1.4485933596242078,1.4087064255028647,17,4,-0.022424399110158175,3,1,0,0,0,0,0,0,0,0,0,0,0,0,0,1,1,0,1,1,1,0,-0.4475368430457585,1
-0.8215901653412797,-0.5254314453064871,-0.9158300512606748,-0.5399997082765179,1,2,-0.08905673291278657,2,0,0,0,0,1,0,0,0,0,0,0,1,0,0,0,1,0,1,0,0,0,-0.9785102586489391,1
1.0488711162652977,0.28609678096931523,-0.5278069690597119,-0.8919295698296815,3,1,-0.07015394318154447,1,0,0,0,0,1,1,0,0,0,0,0,0,0,0,0,0,0,0,0,1,0,0.6144099881606027,1
0.09118950710818179,1.0782924998867638,-1.5418941336288579,0.8121045550689564,6,3,-0.011082252701669635,3,1,0,0,0,0,1,0,0,0,0,0,0,0,0,0,1,0,0,1,0,0,-0.18205013524416824,1
3.567254561093803,2.405645644235374,-0.8594789770954098,-1.1818940269057001,0,1,-0.04652545601749185,0,0,0,0,0,1,0,0,0,0,0,0,0,0,0,1,0,0,0,1,0,0,2.2073302349701445,1
1.7022662023777486,1.129868267343659,0.8007052591272756,0.2695230629883106,2,2,0.07161697980277126,1,1,0,0,0,0,1,0,0,0,0,0,0,0,0,0,0,0,0,0,1,1,-0.9785102586489391,1
-0.8806737635535757,-0.6359797656443436,0.1655201965381108,-0.0847845071128764,12,3,0.14013959257852387,3,1,0,0,0,0,0,0,0,0,0,0,0,0,0,1,0,1,1,1,0,0,0.6144099881606027,1
1.0116392612728298,0.4168853959675699,1.0823942955519938,1.0671282950673147,10,2,0.010182913176234445,3,0,0,0,1,0,0,0,0,0,0,0,0,0,0,1,1,0,0,0,0,0,-0.9785102586489391,0
-0.6530481093185094,-0.7851931006989074,-0.8594789770954098,-1.1818940269057001,3,2,-0.12757116699019236,0,1,0,0,0,0,0,0,0,0,0,0,1,0,0,0,0,1,1,0,0,0,-0.9785102586489391,1
0.8540430510311069,0.1221234968185471,1.1869041452840423,1.4539988736981388,7,1,-0.08433103547997604,3,0,1,0,0,0,0,0,0,0,0,1,0,0,0,0,0,0,0,1,0,0,0.6144099881606027,1
0.7653976795415295,0.7264072442127965,0.9879009404626236,0.5896728200459428,10,2,-0.12122928103536063,3,0,0,0,0,1,0,0,0,0,0,0,0,0,0,1,1,0,0,1,0,0,0.08343657255742204,0
-0.5589298149384083,-1.06707786885967,-0.8594789770954098,-1.1818940269057001,0,1,-0.12213661494246024,0,1,0,0,0,0,0,0,0,0,1,0,0,0,0,0,0,0,0,0,0,0,-0.9785102586489391,0
0.11419975225374127,-0.39003665029415524,0.16462468211641443,-0.16899018544775218,13,2,0.0007315183106133962,3,1,0,0,0,0,0,0,0,1,0,0,0,0,0,0,0,0,1,1,0,0,-0.9785102586489391,1
-0.897092532225147,-1.351685998926566,-0.8140399119945191,-1.1421688962862855,3,1,-0.12991038721943357,1,1,0,0,0,0,1,0,0,0,0,0,0,0,0,0,0,1,0,0,0,0,-0.9785102586489391,0
-0.5939245627639467,-0.12933358584776283,-0.3324521563266859,0.008149101379987535,5,5,-0.10934930300204392,3,0,1,0,0,0,0,0,1,0,0,0,0,0,0,0,1,1,0,0,0,0,0.08343657255742204,1
-0.1244116961046391,-0.7013740731434708,-0.22794230659463752,-0.021253294567520724,13,1,-0.12449946365886551,3,0,1,0,0,0,0,0,0,0,0,0,0,0,0,1,0,0,1,0,0,0,-0.9785102586489391,0
-0.4855846585369373,-0.4305508613668793,-0.8594789770954098,-1.1818940269057001,1,2,-0.074879640614355,0,0,1,0,0,0,0,0,0,0,0,1,0,0,0,0,0,0,1,1,0,0,-0.9785102586489391,0
-0.21960859572593835,-0.10724409483134821,0.3563642699618514,-0.1173765120882209,12,2,-0.11268522007683919,3,0,0,1,0,0,0,1,0,0,0,0,0,0,0,0,0,1,1,0,0,0,0.08343657255742204,1
-0.8850680812029015,-0.426886090406774,-0.5269114546380155,0.5427855673367504,4,4,-0.1136303595634013,4,0,0,0,1,0,0,0,0,0,0,0,0,0,0,1,0,1,1,0,0,0,1.0126400498629882,1
-0.5819001117417012,-0.5171268725803768,-0.1416080829029453,-0.34059115114533983,3,2,-0.13040658544987865,2,0,0,0,0,1,0,0,0,0,0,0,0,0,0,1,0,1,0,0,0,0,-0.7130235508473488,1
-0.12876606541169808,-0.5189760689363934,-0.19613496102401407,-0.23176749040471017,4,2,-0.07724248933076026,3,0,0,1,0,0,0,0,1,0,0,0,0,0,0,0,0,0,0,0,0,0,-0.9785102586489391,1
-1.288945821518191,-0.8413750481698802,-0.7249859778369343,-0.7989959613368176,3,2,-0.13099729762897996,2,0,0,0,0,1,0,0,0,0,1,0,0,0,0,0,1,1,0,0,0,0,-0.9785102586489391,1
1.288561169864876,0.4878272925347464,-0.8594789770954098,-1.1818940269057001,1,1,-0.12686231237527076,0,0,0,0,0,1,1,0,0,0,0,0,0,0,0,0,0,0,1,0,0,0,0.08343657255742204,0
0.680028072117813,1.7857277821948034,2.706227279693967,1.9354268617814523,10,2,-0.01580842270422344,1,1,0,0,0,0,0,0,0,0,0,0,0,0,0,1,1,0,1,0,0,0,-0.4475368430457585,1
0.3484168829627961,-0.30342701732873006,-0.5278069690597119,-0.8919295698296815,4,1,-0.06826366420842027,1,1,0,0,0,0,0,0,0,0,0,0,0,0,0,1,0,0,0,1,0,0,-0.4475368430457585,1
0.8606345275050955,0.12767108588659667,-0.8594789770954098,-1.1818940269057001,0,1,-0.12845959810756072,0,0,0,0,0,1,0,0,0,0,0,0,0,0,0,1,0,0,1,0,0,0,0.08343657255742204,0
-0.8850680812029015,-1.3415658515963669,-0.8594789770954098,-1.1818940269057001,1,1,0.08106837466839231,0,0,0,0,0,1,0,1,0,0,0,0,0,0,0,0,0,0,0,0,0,0,-0.4475368430457585,0
-1.0831719105029531,-0.919680108409195,-0.13888837243705257,0.15194247564398505,21,2,-0.10323382521121814,2,1,0,0,0,0,0,1,0,0,0,0,0,0,0,0,0,1,1,0,0,0,0.6144099881606027,1
-0.4855846585369373,-0.31358078641085674,0.937917968851644,0.38948135888065955,3,2,-0.10536038905598288,1,0,0,0,0,1,0,1,0,0,0,0,0,0,0,0,0,1,1,0,0,0,-0.9785102586489391,1
-0.7176046304213293,-1.2006234675159855,-0.8594789770954098,-1.1818940269057001,5,3,-0.1037063949544992,0,0,0,0,0,1,1,0,0,0,0,0,0,0,0,0,0,1,0,0,0,0,-0.9785102586489391,0
-0.45054996236913225,-0.11645645485950279,0.30090871021828275,-0.1674243773795416,2,3,0.07634267723558179,1,0,0,0,1,0,0,0,0,0,0,0,0,0,0,1,0,0,1,1,1,0,0.6144099881606027,1
-0.16599792040416592,-0.736374316900073,-0.2242939145062448,-0.626583095159417,8,1,-0.1263897426319897,1,0,1,0,0,0,0,1,0,0,0,0,0,0,0,0,0,1,0,0,0,0,2.738303650573325,1
0.602328546409283,-0.08972716207708319,-0.8594789770954098,-1.1818940269057001,1,1,-0.11268522007683919,0,1,0,0,0,0,0,0,0,0,0,0,0,0,0,1,0,0,0,1,0,0,0.08343657255742204,1
-0.719801789245992,-0.25094346256979044,-0.7222662673710415,0.7898642812112259,5,3,-0.0857487447098192,4,0,0,0,1,0,0,0,0,0,0,1,0,0,0,0,1,0,1,0,0,0,-0.9785102586489391,1
0.1710861916413747,-0.45267397413522154,-0.8594789770954098,0.9614652469088136,4,1,-0.10795952264402867,2,1,0,0,0,0,0,0,0,0,0,0,0,0,0,1,0,0,0,1,0,0,-0.9785102586489391,1
-0.6771369597052671,-0.9731050722221067,-0.7758644638696103,-0.5852921564717919,12,2,-0.11670206289472813,2,1,0,0,0,0,0,1,0,0,0,0,0,0,0,0,0,1,1,0,0,0,4.596710605184457,1
0.5881069365623746,0.6637699203717302,-0.8594789770954098,-1.1818940269057001,7,2,-0.06779109446513921,0,0,0,1,0,0,1,0,0,0,0,0,0,0,0,0,1,0,0,0,1,0,-0.18205013524416824,1
-0.8193930065166168,-1.2862916914274387,-0.3678747267848984,-0.7521087086276255,3,1,-0.11741091750964971,1,1,0,0,0,0,1,0,0,0,0,0,0,0,0,0,1,0,0,0,0,0,-0.9785102586489391,0
-1.118206606670758,-0.8901938319687145,-0.8594789770954098,-0.7330580437977309,4,7,-0.12942703343461084,2,0,0,1,0,0,0,0,1,0,0,0,0,0,0,0,1,1,0,0,0,0,-0.9785102586489391,1
-0.5972402751720743,-0.5226744616484262,-0.6050533797312259,-0.3723712556408716,7,2,-0.11741091750964971,2,1,0,0,0,0,0,0,0,0,0,0,0,0,0,1,0,0,1,1,0,0,-0.18205013524416824,1
0.8617131327462936,1.8059680768552018,0.46810456946907797,1.5326372344571548,5,3,-0.015758613853281617,2,1,0,0,0,0,0,0,0,1,0,0,0,0,0,0,1,0,1,1,0,0,-0.09353686686311802,1
0.44581094140875827,-0.22145718612930976,-0.8594789770954098,-1.1818940269057001,0,1,-0.08669388419638131,0,1,0,0,0,0,1,0,0,0,0,0,0,0,0,0,1,0,0,0,0,0,-0.4475368430457585,0
1.369536459639267,0.5559785836919346,1.795721283234369,2.1030553144170985,9,1,-0.07157165241138763,2,0,0,1,0,0,0,0,0,0,0,0,0,0,0,1,0,0,0,0,0,1,0.6144099881606027,1
0.09450521951630937,0.39203892129309426,1.6848433309480355,1.2021647427276165,7,3,0.0007315183106133962,2,0,0,1,0,0,1,0,0,0,0,0,0,0,0,0,0,0,1,1,1,0,-0.09353686686311802,1
-0.5534568920478846,-0.6433429293164816,-0.5269114546380155,-0.8911466657955763,4,2,0.12832534899649756,1,0,0,1,0,0,0,0,0,0,0,0,0,1,0,0,0,0,1,1,0,0,-0.4475368430457585,1
-0.021544714768153304,-0.23618351347358627,0.30090871021828275,1.048048633791713,13,2,0.02436000547466602,4,0,0,0,0,0,0,0,0,0,0,0,0,0,0,1,0,0,1,1,0,0,-0.18205013524416824,1
-0.8850680812029015,-1.3415658515963669,-0.6150367071731004,-0.9681902220406744,2,1,-0.13135172493644076,1,1,0,0,0,0,0,0,0,0,0,1,0,0,0,0,0,1,0,0,0,0,-0.4475368430457585,0
-0.7176046304213293,-1.0431055597353114,-0.8313200236131789,-0.6416902433730776,3,2,-0.1162294931514471,3,0,0,0,0,1,0,0,0,0,0,0,0,0,0,1,1,0,1,0,0,0,-0.9785102586489391,1
0.25318003499923025,-0.38358127392406144,0.10462521586275675,0.03357898426555433,7,1,-0.11504806879324446,3,0,0,0,0,1,0,0,0,1,0,0,0,0,0,0,0,0,1,0,0,0,-0.4475368430457585,1
-0.6519295557350447,-0.7861008880009519,-0.6495637632096165,0.05422445360936689,6,2,-0.1290361331943636,2,0,1,0,0,0,0,1,0,0,0,0,0,0,0,0,0,1,0,0,0,0,-0.18205013524416824,1
0.6154715510149933,-0.07866560569291199,-0.8594789770954098,-1.1818940269057001,1,1,-0.001631330405791866,0,1,0,0,0,0,0,0,0,0,0,0,0,0,0,1,0,0,0,0,1,0,2.2073302349701445,1
-0.8434818569033746,-0.5392499853487193,-0.08618569036018019,-0.3723712556408716,7,2,-0.11268522007683919,2,1,0,0,0,0,0,0,0,0,0,0,0,0,0,1,1,0,1,0,0,0,-0.9785102586489391,1
-0.8522305438597593,-1.0596810834356043,-0.8594789770954098,0.031201275717531108,4,2,-0.11032237136043394,5,1,0,0,0,0,0,0,0,0,0,1,0,0,0,0,0,1,0,1,0,0,1.4108701115653735,1
-0.8850680812029015,-1.0403485760772504,-0.19613496102401407,-0.4057461646503213,9,2,-0.11032237136043394,2,0,0,0,0,1,0,1,0,0,0,0,0,0,0,0,0,0,1,1,0,0,-0.4475368430457585,1
-0.3903478105733714,0.33030938475407223,-0.5278069690597119,-0.8919295698296815,1,5,-0.0695396025152791,1,0,0,1,0,0,0,1,0,0,0,0,0,0,0,0,1,0,1,0,0,0,-0.4475368430457585,1
-0.3717718314194041,-0.9095599610789958,-0.8594789770954098,-1.1818940269057001,1,1,-0.13151712434658913,1,0,0,0,0,1,0,0,0,0,0,0,1,0,0,0,0,1,0,0,0,0,-0.9785102586489391,0
-0.5862944293910268,-1.0901087689300568,0.4835604850435414,1.2315671386751248,12,1,-0.10795952264402867,5,0,0,0,1,0,0,1,0,0,0,0,0,0,0,0,0,0,1,0,0,0,0.08343657255742204,1
0.680028072117813,-0.024332854577955844,-0.8594789770954098,-1.1818940269057001,2,2,-0.074879640614355,0,1,0,0,0,0,0,0,0,0,0,0,0,0,0,1,0,0,1,1,0,0,0.6144099881606027,1
0.8387428359430006,0.618615907533001,-0.8594789770954098,-1.1818940269057001,1,2,-0.0559768508831129,0,0,0,1,0,0,1,0,0,0,0,0,0,0,0,0,0,0,1,1,0,0,0.08343657255742204,1
2.1236413166058075,1.1906563948287092,2.700754691561378,1.9306424482396978,2,1,0.010182913176234445,1,0,1,0,0,0,0,1,0,0,0,0,0,0,0,0,1,0,0,0,0,0,1.1453834037637833,1
-0.8183144012754188,-0.07039465471872931,0.41268217692631287,0.592050528593966,6,2,-0.12862926954818835,3,0,1,0,0,0,0,0,1,0,0,0,0,0,0,0,1,0,1,0,0,0,-0.9785102586489391,1
1.868651047918123,2.1578533325291698,-0.8594789770954098,-1.1818940269057001,5,3,0.1179288146443144,0,1,0,0,0,0,0,0,0,0,0,0,0,0,0,1,1,0,0,0,1,0,1.3223568431843236,1
-0.8193930065166168,-0.8377102772097746,0.19006392513275253,0.4267997845063432,6,2,-0.11504806879324446,2,1,0,0,0,0,1,0,0,0,0,0,0,0,0,0,0,1,1,0,0,0,-0.9785102586489391,0
0.7248900604832008,0.031849092893016774,-0.8594789770954098,-1.1818940269057001,3,2,-0.12091991797861912,0,0,0,0,0,1,0,0,0,0,0,0,0,1,0,0,1,0,0,0,0,0,-0.9785102586489391,0
0.7139442147021533,0.5928280238045535,1.1051138281024393,0.5578927155504111,6,4,0.29136191042846066,2,1,0,0,0,0,0,0,0,0,0,0,0,0,0,1,0,0,0,1,1,0,-0.9785102586489391,1
-0.4188309786094547,-0.26197139720203383,-0.6095972862413149,-0.3668039380650119,16,2,-0.07346193138451185,3,0,1,0,0,0,0,0,0,1,0,0,0,0,0,0,0,0,0,1,1,0,-0.7130235508473488,1
-0.04779077563730719,-0.636887552946388,-0.10253712035634013,-0.2627356944204289,6,1,-0.11221265033355814,3,1,0,0,0,0,0,0,0,0,1,0,0,0,0,0,0,0,1,0,0,0,-0.4475368430457585,1
-0.8861466864440996,0.3413709411382433,0.7825296330869196,0.9558979293329541,23,4,-0.04132718884140027,6,0,0,1,0,0,0,0,1,0,0,0,0,0,0,0,0,0,1,1,1,0,-0.18205013524416824,1
2.188237786050894,3.376540974647867,3.287780978583759,2.8871482027963604,3,3,-0.017462416805707124,2,0,0,1,0,0,1,0,0,0,0,0,0,0,0,0,1,0,1,1,0,0,-0.2705634036252185,1
-0.6836884878369889,-0.2997622463686248,-0.11706435430830371,-0.09272953323675921,10,3,-0.09709041854856447,3,1,0,0,0,0,0,0,0,0,1,0,0,0,0,0,0,1,1,1,0,0,-0.4475368430457585,1
0.08136221491059908,0.48691950523270194,-0.1952394466023177,-0.6011822087195577,2,3,-0.0082473068117266,1,1,0,0,0,0,0,0,0,0,0,0,0,0,0,1,1,0,0,1,0,0,0.3489232803590123,1
0.6143529974315285,-0.07960701474688404,0.9788131274424456,0.7771638379912962,7,1,-0.08433103547997604,3,0,1,0,0,0,0,0,0,0,1,0,0,0,0,0,0,0,1,0,0,0,-0.9785102586489391,0
7.426384269073815,5.6536077456945995,-0.8594789770954098,-1.1818940269057001,2,1,0.019634308041855494,0,0,0,0,0,1,1,0,0,0,0,0,0,0,0,0,0,0,0,1,0,0,2.2073302349701445,1
-0.6989887029250953,-0.9298002557393942,-0.8594789770954098,-0.8267745563247002,5,2,-0.13017030057823814,2,1,0,0,0,0,0,0,0,0,0,1,0,0,0,0,0,1,0,1,0,0,-0.4475368430457585,1
0.3549684110945179,0.3127924519998072,0.7997765775047758,1.2402950688331134,10,2,-0.07724248933076026,5,1,0,0,0,0,0,0,1,0,0,0,0,0,0,0,0,0,1,1,0,0,-0.18205013524416824,1
-0.021544714768153304,0.32479541743795043,-0.8594789770954098,-1.1818940269057001,2,2,-0.11268522007683919,0,0,0,0,0,1,0,0,0,0,0,0,0,0,0,1,0,0,1,0,0,0,-0.4475368430457585,1
-0.5009248219673103,0.5799508928162933,1.1450803050707408,0.8144822636169798,18,6,0.034756539826849175,3,1,0,0,0,0,0,0,0,0,0,0,0,0,0,1,1,0,1,1,1,0,-0.2705634036252185,1
1.2808910881496895,1.4495102629190848,1.795721283234369,1.1394164342163662,6,3,0.17936288127085123,1,1,0,0,0,0,0,0,0,0,0,0,0,0,0,1,1,0,0,0,0,1,0.968409964343243,1
-0.851151938618561,-1.3130209842098584,-0.8594789770954098,-1.1818940269057001,1,1,-0.13144151318766417,1,0,1,0,0,0,0,1,0,0,0,0,0,0,0,0,0,1,0,0,0,0,-0.4475368430457585,0
-0.09049555352029867,0.05487999296340358,0.10190550539686404,0.3425941061714674,10,3,-0.0181712714206287,4,1,0,0,0,0,1,0,0,0,0,0,0,0,0,0,0,0,1,1,0,0,0.2604100119779621,1
-0.8785165530711796,-1.3360518842802451,-0.8594789770954098,-1.1818940269057001,1,1,-0.131446238885097,1,0,0,0,0,1,0,0,0,0,1,0,0,0,0,0,0,1,0,0,0,0,-0.4475368430457585,0
-0.18133808383453895,-0.559523901761045,-0.5687021276505134,-0.30405562955376153,12,2,-0.1149101965706422,3,1,0,0,0,0,0,1,0,0,0,0,0,0,0,0,1,0,1,0,0,0,-0.9785102586489391,0
-0.8850680812029015,-0.8662551445962833,-0.3905942593353437,-0.7719712739373327,1,2,-0.11575692340816604,1,1,0,0,0,0,0,0,0,0,0,0,0,0,0,1,0,1,1,0,0,0,-0.18205013524416824,1
0.8452943640747224,2.413950216961484,2.0274273480481075,1.342768507963778,3,4,0.5102863323859835,2,0,0,1,0,0,0,0,0,0,0,0,0,0,0,1,0,0,0,1,0,1,0.7913834275811429,1
0.18203203742242197,-0.036302198264171456,0.46810456946907797,0.9407907811192936,4,2,-0.09614527906200236,3,0,0,0,0,1,1,0,0,0,0,0,0,0,0,0,0,0,1,1,0,0,-0.7130235508473488,1
-0.29403235736860744,-0.5843703764355207,-0.11252044779821464,-0.5288650731247987,6,2,-0.11268522007683919,1,1,0,0,0,0,0,1,0,0,0,0,0,0,0,0,1,0,0,0,0,0,-0.9785102586489391,0
2.2659373117594237,2.244462965494595,-0.7222662673710415,-1.0619357310133513,2,3,0.0701992705729281,1,0,0,0,0,1,0,0,0,0,0,0,0,0,0,1,1,0,0,1,0,0,0.4374365487400626,1
0.17000758640017644,-0.45358176143726614,0.4990164006180051,0.24647088865076724,6,1,-0.08433103547997604,2,0,1,0,0,0,0,0,0,0,0,0,0,0,0,1,1,0,0,0,0,0,1.6763568193669638,1
-0.31592404893070225,0.18476082065961355,-0.8594789770954098,-1.1818940269057001,0,3,-0.043217467814524485,0,1,0,0,0,0,0,0,0,0,0,0,0,0,0,1,1,0,1,0,0,0,-0.4475368430457585,1
-0.719801789245992,-1.202472663872002,1.40680268661171,1.3912505651868885,9,1,-0.13111544006480025,3,1,0,0,0,0,0,1,0,0,0,0,0,0,0,0,0,1,0,0,0,0,-0.9785102586489391,1
-0.5512597332232219,0.5928280238045535,0.7916174461070978,0.8565851027844178,13,5,-0.01462699834602081,3,1,0,0,0,0,0,0,0,0,0,0,0,0,0,1,1,1,1,1,0,0,-0.23514747680448636,1
-0.4002150511132207,-0.3301563101111497,-0.8594789770954098,-1.1818940269057001,4,2,-0.09850812777840762,0,1,0,0,0,0,1,0,0,0,0,0,0,0,0,0,0,0,1,0,0,0,-0.4475368430457585,0
-0.6858856466616517,-0.1901217133328128,-0.20067886753410313,0.5467580803986919,14,3,-0.06968137343826342,5,1,0,0,0,0,0,0,0,0,0,0,0,0,0,1,0,1,0,1,1,0,-0.6245102824662986,1
0.7183385323514789,0.007910405520585544,-0.8594789770954098,-1.1818940269057001,0,1,-0.09850812777840762,0,1,0,0,0,0,0,0,0,0,0,0,0,0,0,1,0,0,0,0,1,0,-0.9785102586489391,0
-0.719801789245992,-0.5097637089082386,0.1355370470116838,-0.31200065567764446,19,3,0.017271459325450232,1,1,0,0,0,0,0,0,0,1,0,0,0,0,0,0,0,0,1,1,1,0,0.2604100119779621,1
0.012411376158453634,0.3514910884684424,-0.8594789770954098,-1.1818940269057001,2,2,-0.08669388419638131,0,1,0,0,0,0,0,0,0,0,0,0,0,0,0,1,1,0,0,1,0,0,0.08343657255742204,1
-0.16160360275484034,-0.5162190852783324,-0.6114214822855113,-0.9650296094585458,2,2,-0.12603531532452894,1,0,0,0,0,1,1,0,0,0,0,0,0,0,0,0,1,0,0,0,0,0,-0.9785102586489391,0
-0.6136190955013788,-1.113106047248516,0.10827360795114947,0.04390171893746074,15,1,-0.11268522007683919,3,1,0,0,0,0,0,1,0,0,0,0,0,0,0,0,0,0,1,0,0,0,0.08343657255742204,1
-0.564402737828932,-1.0716840488737474,0.9033909128151278,0.35929605889904603,4,1,-0.12591717288870866,1,1,0,0,0,0,1,0,0,0,0,0,0,0,0,0,0,0,1,0,0,0,-0.9785102586489391,0
-0.05981522665955272,1.8133648622792677,1.4640492751986711,0.8494519771403476,13,5,0.052714190071529166,1,0,0,1,0,0,1,0,0,0,0,0,0,0,0,0,0,0,0,1,1,1,0.21617992645821718,1
-0.09924424047668329,-0.26751898627008325,-0.11344912942071464,-0.5296769736046116,5,2,-0.07109908266810658,1,1,0,0,0,0,0,0,1,0,0,0,0,0,0,0,0,0,1,1,0,0,-0.18205013524416824,1
-0.6005160392379352,-0.5733424418032771,-0.21248639102017391,-0.5201371429668106,5,2,-0.10701438315746657,2,1,0,0,0,0,0,0,0,0,0,0,0,0,0,1,1,0,1,0,0,0,-0.9785102586489391,1
0.28493896710117433,0.21609629345611067,-0.8594789770954098,-1.1818940269057001,13,2,-0.05975740882936132,0,1,0,0,0,0,1,0,0,0,0,0,0,0,0,0,0,0,1,1,0,0,-0.4475368430457585,1
-0.3706532778359394,-0.0464223455943706,-0.3969623618896291,0.04627942748548396,11,2,-0.08737353400116812,4,1,0,0,0,0,0,0,0,0,0,0,0,0,0,1,0,0,1,1,0,0,-0.7130235508473488,1
-0.6377079458881364,-0.8054670171112333,-0.5278069690597119,0.07408701891907422,8,2,-0.06259282728904764,3,1,0,0,0,0,1,0,0,0,0,0,0,0,0,0,0,0,1,1,0,0,-0.4475368430457585,1
-0.2371459179809742,0.4509778524221278,-2.103481177634902,-2.2694637160607227,5,2,-0.08433103547997604,1,1,0,0,0,0,0,0,0,0,0,0,0,0,0,1,1,0,1,0,0,0,0.08343657255742204,1
-0.45166851595259694,0.6149511365728959,1.2468704443368965,1.5556894087946986,14,4,0.06689128236996074,4,0,0,0,0,1,0,1,0,0,0,0,0,0,0,0,0,0,1,1,1,0,-0.2705634036252185,1
0.8266784365784886,0.09909259674816058,-0.05802673687794952,0.4172889503142498,7,1,-0.1296977308349571,2,1,0,0,0,0,0,0,0,0,0,0,0,0,0,1,0,1,0,0,0,0,0.08343657255742204,1
0.03646027820294469,1.8271834023215,0.6325807182539804,2.1284562008569576,12,7,0.3323337071709279,3,1,0,0,0,0,0,0,1,0,0,0,0,0,0,0,1,0,0,1,1,1,1.2515780868844195,1
-0.6891614107275126,-1.1766847801435543,-0.4678406700068577,-0.8395039959903373,6,1,-0.13045384242420677,1,0,1,0,0,0,0,0,0,0,0,1,0,0,0,0,0,1,0,0,0,0,-0.4475368430457585,1
-0.010598868987105851,-0.6055857019018185,-0.8594789770954098,-1.1818940269057001,32,1,-0.08905673291278657,0,0,0,0,1,0,0,0,0,0,0,0,0,0,0,1,0,0,0,1,0,0,0.6144099881606027,1
0.3341952731158877,1.844666713323837,-0.5278069690597119,-0.8919295698296815,4,5,0.02436000547466602,1,0,0,1,0,0,0,0,1,0,0,0,0,0,0,0,1,0,0,1,1,1,-0.4475368430457585,1
-0.1506577569737929,1.4623873939073453,1.0224279964991398,2.7489221461082223,4,2,-0.10843209238730972,5,0,0,0,0,1,0,0,0,1,0,0,0,0,0,0,0,1,0,1,0,0,-0.7130235508473488,1
1.3739307772885927,0.5596769764039675,-0.8594789770954098,-1.1818940269057001,0,1,-0.11977376622605498,0,1,0,0,0,0,1,0,0,0,0,0,0,0,0,0,1,0,0,0,0,0,-0.4475368430457585,1
0.047406123983992146,1.0008952269494935,0.46810456946907797,1.22521691706516,11,3,0.1907045551095965,3,1,0,0,0,0,0,0,0,0,0,0,0,0,0,1,1,1,0,0,0,0,0.6144099881606027,1
-0.9846592984735263,-0.6138566528760011,-0.3914897737570401,0.7136036290002333,42,4,0.08957463004745125,6,1,0,0,0,0,0,0,0,0,1,0,0,0,0,0,0,0,1,1,1,0,-0.18205013524416824,1
-0.6147376490848435,-0.6967678931293934,0.7916174461070978,0.747761442043788,13,2,-0.06401053651889078,3,1,0,0,0,0,0,1,0,0,0,0,0,0,0,0,0,0,1,1,0,0,0.8798966959621929,1
0.824521226096092,0.09727702214407145,-0.8594789770954098,-1.1818940269057001,4,1,-0.08905673291278657,0,0,0,0,1,0,0,0,0,0,0,0,0,0,0,1,0,0,0,0,0,1,-0.4475368430457585,1
-0.4188309786094547,0.22715784984028173,-0.8594789770954098,-1.1818940269057001,1,3,-0.0580344620766355,0,0,0,0,0,1,0,0,0,0,1,0,0,0,0,0,1,0,0,1,1,0,0.3489232803590123,1
1.899291426436602,1.0018366360034654,-0.8313200236131789,2.288951527848534,6,1,-0.10795952264402867,2,0,0,0,1,0,0,0,0,0,0,0,0,0,0,1,0,0,0,0,1,0,1.1453834037637833,1
-0.7208803944871901,-1.2033804511740465,-0.8594789770954098,-0.44706609978365397,10,1,-0.10276125546793709,2,1,0,0,0,0,0,0,0,0,0,0,0,0,0,1,0,0,0,1,0,0,0.6144099881606027,1
-0.4341311936975611,-0.9620435158379356,-0.5278069690597119,-0.4057461646503213,7,1,-0.10795952264402867,2,1,0,0,0,0,0,1,0,0,0,0,0,0,0,0,0,0,1,0,0,0,-0.9785102586489391,1
-0.35423450916436827,-0.647949109330559,0.21822287861498318,-0.0847845071128764,11,2,-0.07015394318154447,2,1,0,0,0,0,0,0,1,0,0,0,0,0,0,0,0,0,1,1,0,0,0.08343657255742204,1
1.2984284104047255,1.6687240854868537,2.071970898727302,1.4142737430787242,4,3,-0.041799758584681324,2,0,0,0,1,0,0,0,0,1,0,0,0,0,0,0,1,0,0,1,1,0,1.3223568431843236,1
-0.8424032516621763,0.250155128158741,-0.8594789770954098,-1.1818940269057001,0,4,-0.039200624996635534,0,0,0,0,1,0,0,0,0,0,0,0,0,0,1,0,1,0,1,0,0,0,-0.9785102586489391,1
-0.7898312332393356,-0.07590862203485109,-0.05709805525544952,-0.05697691567928614,10,4,0.02436000547466602,3,0,0,0,1,0,1,0,0,0,0,0,0,0,0,0,0,0,1,1,1,0,0.6144099881606027,1
1.356433403375824,0.8351063681946365,0.46810456946907797,-0.021253294567520724,3,2,0.014530554814420128,1,0,0,0,1,0,0,0,0,0,0,0,0,0,0,1,1,0,0,0,0,0,0.3489232803590123,1
-0.5786243476758403,-1.083653392559963,-0.8594789770954098,-1.1818940269057001,1,1,-0.13135172493644076,1,1,0,0,0,0,0,0,0,0,0,0,0,0,0,1,0,1,0,0,0,0,-0.9785102586489391,0
0.13936720788169707,-0.20212467877095605,1.8420558627569563,1.1799244688698862,7,2,-0.07960533804716552,1,1,0,0,0,0,1,0,0,0,0,0,0,0,0,0,1,0,0,1,0,0,-0.7130235508473488,1
-0.9266543055024282,0.7982569280820175,0.9588133053578929,0.7811363510532378,13,5,-0.020534120137033963,3,0,0,0,1,0,0,0,0,0,0,0,0,0,0,1,1,0,1,1,1,0,-0.5802801969465538,1
0.6811066773590111,0.9225901667101786,-0.8594789770954098,-1.1818940269057001,3,3,0.07634267723558179,0,0,0,0,0,1,0,0,0,0,0,0,0,0,0,1,1,0,0,1,1,0,-0.2705634036252185,1
1.2579207913463968,1.3408111389372452,0.882495576308879,0.34102829810325697,5,3,0.04747364680620367,1,1,0,0,0,0,0,0,0,0,0,0,0,0,0,1,1,0,0,1,1,0,0.08343657255742204,1
-0.7526393265891342,0.004212012808552597,-0.07527368129580582,-0.11815941612232612,8,4,-0.1247357579819009,3,0,1,0,0,0,0,0,0,0,0,0,0,0,0,1,1,1,0,0,0,0,-0.9785102586489391,1
0.5475993175040459,2.394584087851203,1.795721283234369,1.716155739340567,13,3,-0.08598502958145973,4,0,0,1,0,0,0,0,1,0,0,0,0,0,0,0,1,0,1,0,0,1,0.6144099881606027,1
-0.839087539254049,-0.8911352410226864,-0.25155735356677916,-0.40734096916423945,24,2,-0.0892930177844271,2,1,0,0,0,0,0,0,0,0,0,0,0,0,0,1,0,0,1,0,0,0,2.2073302349701445,1
0.48520000688362225,0.08897244941796144,1.1323772671629735,0.6802287199907833,13,2,0.0007315183106133962,2,0,0,1,0,0,0,0,0,0,0,0,0,0,0,1,0,0,0,1,1,0,-0.4475368430457585,1
1.886148421830892,1.7378167856980136,1.1323772671629735,0.5594875200643291,6,3,-0.07015394318154447,1,1,0,0,0,0,0,0,1,0,0,0,0,0,0,0,0,0,0,0,0,1,0.08343657255742204,1
1.3794037001791164,1.5167537667742288,1.380434761972872,1.164846317101933,4,3,-0.12497203340214656,2,1,0,0,0,0,1,0,0,0,0,0,0,0,0,0,0,1,0,0,0,0,-0.9785102586489391,0
-0.5282494880776623,-1.041256363379295,-0.583229361602477,0.03992920587551927,8,1,-0.1254446031454276,4,1,0,0,0,0,0,1,0,0,0,0,0,0,0,0,0,1,0,0,0,0,0.6144099881606027,1
0.08024366132713433,0.26397366820097284,0.46810456946907797,-0.021253294567520724,2,2,-0.06070254831592342,1,0,0,1,0,0,1,0,0,0,0,0,0,0,0,0,0,0,1,1,0,0,-0.18205013524416824,1
1.3082557026023083,0.5044028162350395,-0.8594789770954098,-1.1818940269057001,1,1,-0.11660754894607193,1,1,0,0,0,0,0,1,0,0,0,0,0,0,0,0,0,0,1,0,0,0,-0.4475368430457585,0
-0.8686493125313303,-0.6258259965622167,-0.2769965965831172,0.23139273688281414,9,3,-0.10512410418434236,4,0,1,0,0,0,0,1,0,0,0,0,0,0,0,0,0,0,1,1,0,0,-0.4475368430457585,1
-0.7132502611142703,-1.1969586965558803,-0.1952394466023177,-0.6011822087195577,6,1,-0.07015394318154447,1,0,0,0,1,0,1,0,0,0,0,0,0,0,0,0,0,0,1,0,0,0,0.6144099881606027,1
0.8069839038410563,1.8059680768552018,0.8007052591272756,0.2695230629883106,16,2,0.10942255926525546,1,1,0,0,0,0,0,0,0,0,0,0,0,1,0,0,0,0,0,0,1,0,0.3489232803590123,1
-0.584097270566364,-1.0882595725740403,0.1918881211769489,0.15910459773376276,13,1,-0.12686231237527076,2,0,0,0,0,1,0,0,0,0,1,0,0,0,0,0,0,0,1,0,0,0,0.08343657255742204,1
-0.08502263062977503,-0.668223025742885,0.354540073917655,0.0010159757359176206,12,1,-0.07960533804716552,2,1,0,0,0,0,0,0,0,1,0,0,0,0,0,0,0,0,0,1,0,0,0.08343657255742204,1
1.6168965949540324,0.7641644716274597,-0.5278069690597119,-0.8919295698296815,2,1,-0.08433103547997604,1,0,0,0,0,1,1,0,0,0,0,0,0,0,0,0,1,0,0,0,0,0,-0.9785102586489391,0
-0.26123476836773174,-0.2803961172583433,0.1355370470116838,-0.16820728141364696,8,2,-0.02880409064445238,2,0,1,0,0,0,0,0,0,0,0,1,0,0,0,0,1,0,0,1,0,0,-0.4475368430457585,1
-0.9835806932323282,-1.4244770918497593,-0.9948674907755816,0.9797330077046027,9,1,-0.11268522007683919,4,1,0,0,0,0,0,0,1,0,0,0,0,0,0,0,0,0,1,0,0,0,-0.9785102586489391,0
-0.7176046304213293,-0.19197090968882927,0.3354357662547989,0.22504251527284946,19,4,-0.06495567600545289,4,1,0,0,0,0,0,0,0,1,0,0,0,0,0,0,0,1,1,1,0,0,-0.3147934891449634,1
-0.31592404893070225,-0.8625567518842503,-0.5278069690597119,-0.8919295698296815,7,1,-0.10323382521121814,1,1,0,0,0,0,0,0,0,0,1,0,0,0,0,0,0,0,0,1,0,0,-0.4475368430457585,1
3.0025048464709294,1.9303349372352907,1.1314485855404737,0.5586756195845163,2,1,-0.09378243034559709,1,1,0,0,0,0,1,0,0,0,0,0,0,0,0,0,1,0,0,0,0,0,0.08343657255742204,1
-0.8927381629180879,-1.0403485760772504,-0.5069116325534629,-0.8736618090338925,4,2,-0.13124775959291893,1,0,0,0,0,1,0,0,0,1,0,0,0,0,0,0,0,1,0,0,0,0,-0.9785102586489391,0
-0.8850680812029015,-0.4167323213246472,0.24548631767551765,0.33862159310952594,9,2,-0.0370740611518708,2,0,0,1,0,0,0,0,0,1,0,0,0,0,0,0,0,0,1,1,0,0,-0.9785102586489391,1
0.5968556235187592,1.669665494540826,0.46810456946907797,-0.021253294567520724,7,4,-0.012004236270810967,1,1,0,0,0,0,1,0,0,0,0,0,0,0,0,0,1,0,1,1,1,0,-0.4475368430457585,1
-0.6190920183919025,-0.6424015202625097,0.14552037445355828,0.061386575699144595,23,3,-0.08433103547997604,3,1,0,0,0,0,0,0,0,0,1,0,0,0,0,0,0,1,1,1,0,0,-0.09353686686311802,1
-0.858782071991481,0.13318505320271845,-0.8594789770954098,-1.1818940269057001,15,4,0.19873824074537438,0,0,0,0,0,1,0,0,0,0,0,0,0,1,0,0,0,1,1,0,1,1,1.0126400498629882,1
-0.36190459087955473,-0.9012553883528855,-0.4251213153718598,-0.34615846872119943,11,1,-0.1306428703215192,3,0,0,0,0,1,0,0,0,0,0,0,0,0,0,1,1,0,0,0,0,0,-0.9785102586489391,0
-0.7865554691734747,-0.48121884152173017,-0.1952394466023177,0.20358514544922413,11,3,-0.07109908266810658,2,0,1,0,0,0,0,0,0,0,0,1,0,0,0,0,0,1,1,1,0,0,-0.7130235508473488,1
-0.41990958385065275,0.2713704536250387,-0.08800988640437654,0.8200495811928393,18,3,0.18503371819022388,5,1,0,0,0,0,0,0,0,0,0,0,0,0,0,1,0,0,1,1,1,0,-0.09353686686311802,1
-0.8183144012754188,-0.024332854577955844,-0.8594789770954098,-0.3358357340492931,8,2,-0.06212025754576658,2,0,1,0,0,0,1,0,0,0,0,0,0,0,0,0,0,1,1,0,0,0,0.6144099881606027,1
0.24770711210870652,-0.2859437063263927,0.26094223324998106,-0.08719121210660728,0,2,0.4591241692932343,2,0,0,0,0,1,0,0,1,0,0,0,0,0,0,0,0,0,1,1,0,0,-0.4475368430457585,1
-0.08502263062977503,-0.31724555737096205,0.3291008309013171,0.40615431516253064,9,2,-0.10323382521121814,2,1,0,0,0,0,0,0,0,0,0,0,0,0,0,1,0,0,1,1,0,0,-0.18205013524416824,1
-0.3509587450985074,0.10554797311825427,-0.16887152196347976,0.5102225588071138,12,4,0.087211781331046,4,1,0,0,0,0,0,0,0,0,0,1,0,0,0,0,1,0,1,1,1,0,0.7471533420613978,1
-0.9179056185460436,-0.9279846811353053,-0.7549691273633613,-0.8053461829467824,4,2,-0.12497203340214656,2,1,0,0,0,0,0,0,0,1,0,0,0,0,0,0,0,1,0,0,0,0,0.08343657255742204,0
-1.2309408285470933,0.717194884184642,0.7997765775047758,0.2687111625084978,5,4,-0.07771505907404132,1,0,1,0,0,0,0,0,0,1,0,0,0,0,0,0,1,0,0,1,0,0,0.08343657255742204,1
1.3673792491568708,0.5541630090878458,0.549894886650681,0.05025194054742542,3,1,-0.08196818676357079,1,0,0,1,0,0,0,0,0,0,0,0,0,0,0,1,0,0,0,0,0,1,0.6144099881606027,1
1.2502507096312103,1.088412647216963,-0.8594789770954098,-1.1818940269057001,2,4,-0.069941286797068,0,1,0,0,0,0,0,0,0,0,0,0,0,0,0,1,0,0,1,1,0,0,-0.4475368430457585,1
-0.452747121193795,-0.38173207756804495,-0.32515537214990053,0.12572968872431303,9,2,-0.10471588426300388,3,0,1,0,0,0,0,0,1,0,0,0,0,0,0,0,0,0,1,0,0,0,-0.4475368430457585,0
-0.8150386372095579,-0.037209985566215874,-0.19613496102401407,0.11540695405240689,12,3,-0.03352978807726291,2,1,0,0,0,0,0,0,0,0,0,0,0,0,0,1,1,0,1,1,0,0,-0.2705634036252185,1
-0.35423450916436827,0.5651909437200893,-0.03165881223911157,0.46255240206381615,4,3,-0.074879640614355,2,0,0,1,0,0,1,0,0,0,0,0,0,0,0,0,1,0,1,1,0,0,-0.09353686686311802,1
-0.7986198685379868,0.2870045682713596,-0.7877051545564847,0.6293979506653572,22,5,0.19921081048865544,5,1,0,0,0,0,0,0,0,1,0,0,0,0,0,0,1,0,1,1,1,0,0.7206046712812388,1
-0.08502263062977503,0.7521951279412442,0.46810456946907797,1.9385874743635807,8,3,0.17123468168641715,2,1,0,0,0,0,0,0,0,0,0,0,0,1,0,0,0,0,1,1,1,0,0.6144099881606027,1
1.44943314417246,0.993532063277355,1.1041851464799393,0.6683111808049589,6,2,-0.07015394318154447,2,1,0,0,0,0,0,0,0,0,0,0,0,0,0,1,1,0,0,0,1,0,-0.4475368430457585,1
-0.5523383384644199,-1.0615302797916206,-0.6386517541452421,-0.9888356913844869,3,1,-0.13153130143888755,1,0,0,0,0,1,0,0,0,0,0,1,0,0,0,0,0,1,0,0,0,0,-0.9785102586489391,1
0.9788416722719542,0.22715784984028173,2.0401635531566784,1.7829055573594665,25,1,-0.10323382521121814,4,1,0,0,0,0,0,0,0,0,1,0,0,0,0,0,0,0,0,0,1,0,0.08343657255742204,1
0.19189927796227135,-0.4351570413809567,0.2082395511731087,-0.021253294567520724,5,1,-0.1254446031454276,2,0,0,0,0,1,0,0,1,0,0,0,0,0,0,0,0,0,1,0,0,0,-0.9785102586489391,0
1.2852854057990153,1.8511220896939313,-0.8594789770954098,-1.1818940269057001,13,3,-0.06542824574873395,0,0,0,0,0,1,0,0,0,0,0,0,0,0,0,1,0,0,1,1,0,0,0.08343657255742204,1
-0.6519295557350447,0.14791138054699496,-0.4441924558339125,-0.5598622735862251,5,4,-0.09606634573778212,3,0,0,0,0,1,0,0,1,0,0,0,0,0,0,0,1,1,0,0,0,0,-0.9785102586489391,0
-0.3509587450985074,-0.8920430283247308,-0.4124182774640926,-0.7910509352129347,3,1,-0.12213661494246024,1,1,0,0,0,0,1,0,0,0,0,0,0,0,0,0,0,0,1,0,0,0,-0.4475368430457585,1
-0.359707432054892,-0.8994061919968692,1.2850458924618053,1.3817107345490875,30,1,-0.06070254831592342,3,1,0,0,0,0,0,1,0,0,0,0,0,0,0,0,0,0,1,0,0,0,-0.9785102586489391,1
-0.4144366609601291,-0.4287016650108628,-0.02439519526312978,-0.11815941612232612,21,3,0.08125739784000731,3,1,0,0,0,0,0,0,0,0,0,1,0,0,0,0,0,0,1,1,1,0,0.4374365487400626,1
-0.41771242502599,-0.03260380555213851,-0.0961690178020547,-0.18728694268924892,8,5,-0.10630552854254499,3,0,0,0,1,0,0,0,0,1,0,0,0,0,0,0,0,1,1,0,0,0,0.08343657255742204,1
0.10433251171389207,0.13227726590067404,0.2663816541817665,0.2639557454124511,10,3,-0.10769224192292634,2,0,0,0,0,1,0,0,1,0,0,0,0,0,0,0,1,0,1,0,0,0,-0.6245102824662986,1
-0.7077773382237466,-1.192352516541803,-0.587773268112566,-0.9443551436690257,2,1,-0.12591717288870866,1,1,0,0,0,0,0,1,0,0,0,0,0,0,0,0,1,0,0,0,0,0,-0.4475368430457585,1
0.9492798989946729,1.0699879271606536,-1.0248506403020088,2.494710306589677,7,4,-0.013445573987818179,3,1,0,0,0,0,0,0,0,0,0,1,0,0,0,0,0,0,1,1,1,1,0.3489232803590123,1
-0.526092277595266,-1.039440788775206,-0.7222662673710415,-0.7084110649462694,12,1,-0.12487751945349035,3,0,1,0,0,0,0,0,0,0,0,0,0,0,0,1,0,0,1,0,0,0,6.98609097539877,1
-0.38599344126631235,-0.7078294495135645,-0.11252044779821464,-0.24765754265247591,4,2,-0.12676779842661456,2,1,0,0,0,0,0,0,0,0,0,0,0,0,0,1,0,1,1,0,0,0,-0.18205013524416824,1
0.5662152450002798,-0.12012122581960824,-0.4787526790712322,-0.08637931162679452,4,1,0.22283929765270807,4,0,0,0,0,1,0,0,0,0,0,0,1,0,0,0,1,0,0,0,0,0,-0.9785102586489391,0
0.7785406841472396,0.05857838567543623,0.9924448469727126,2.1213230752128878,5,2,-0.014863283217661335,5,1,0,0,0,0,0,1,0,0,0,0,0,0,0,0,0,0,1,1,0,0,0.6144099881606027,1
-0.5523383384644199,1.0967172199430733,1.795721283234369,1.2538074125328555,23,7,-0.002576469892353971,4,0,1,0,0,0,0,0,0,0,0,1,0,0,0,0,0,1,1,1,1,1,-0.4475368430457585,1
-0.4845060532957392,-1.0044405450186038,-0.47328009093864315,-0.1467499115900215,2,1,-0.10795952264402867,2,1,0,0,0,0,0,0,0,0,0,1,0,0,0,0,0,0,1,0,0,0,0.08343657255742204,0
-0.6694668779900806,-0.8367688681558028,-5.559238163760445,-0.5415945127904359,6,2,-0.12225475737828051,2,0,0,0,0,1,0,0,0,1,0,0,0,0,0,0,1,1,0,0,0,0,0.08343657255742204,0
1.0160335789221553,0.7512873406391999,0.3572597843835477,0.6230477290553925,2,2,-0.05125115345030237,2,1,0,0,0,0,0,0,1,0,0,0,0,0,0,0,0,0,1,1,0,0,0.3489232803590123,1
0.3965546353940449,-0.2629128062560059,0.8833910907305753,1.1036638166588932,11,1,-0.08433103547997604,2,1,0,0,0,0,1,0,0,0,0,0,0,0,0,0,0,0,0,0,0,1,-0.4475368430457585,1
-0.5534568920478846,-0.3890952412401832,-0.49871933395498125,-0.2142826336430262,17,3,-0.10795952264402867,4,0,0,0,0,1,0,0,0,0,1,0,0,0,0,0,0,1,1,0,0,0,-0.6245102824662986,1
0.08136221491059908,-0.3025192300266857,-0.9130771735939784,-0.030764128759614116,3,2,-0.12539734617109952,4,0,0,0,0,1,0,1,0,0,0,0,0,0,0,0,0,1,0,0,0,0,-0.9785102586489391,0
0.7479003056287602,0.03279050194698868,0.6889317924192455,0.32194863682765484,13,1,-0.12686231237527076,2,1,0,0,0,0,0,0,0,0,1,0,0,0,0,0,0,1,0,0,0,0,1.1453834037637833,1
0.11635696273613759,0.18200383700155282,0.776161530532634,0.4641472065777344,37,5,1.2837583713186707,2,0,0,0,1,0,0,1,0,0,0,0,0,0,0,0,1,0,1,0,1,0,-0.5802801969465538,1
-0.5195008011212776,-0.7916484770690013,0.7498267730945998,0.5841055024700831,7,2,-0.12922516109167603,2,0,0,1,0,0,0,1,0,0,0,0,0,0,0,0,0,1,1,0,0,0,-0.4475368430457585,0
-0.5293680416611269,-1.042197772433267,-0.41875321281757444,-0.4494438083316773,15,1,-0.11268522007683919,2,0,1,0,0,0,0,0,1,0,0,0,0,0,0,0,0,0,1,0,0,0,0.08343657255742204,1
0.9799202775131522,1.723998245655782,2.375450786079965,2.5304339277014423,33,3,0.04326279520590812,4,1,0,0,0,0,1,0,0,0,0,0,0,0,0,0,0,0,1,1,1,0,-0.8015368192283991,1
-0.8850680812029015,0.4408577050919286,0.7997765775047758,0.2687111625084978,17,4,0.03239369111044391,1,1,0,0,0,0,1,0,0,0,0,0,0,0,0,0,1,0,1,1,0,0,-0.3147934891449634,1
-0.5523383384644199,-1.0615302797916206,-0.9149013696381748,-0.837126287442314,5,1,-0.13086025240342847,2,1,0,0,0,0,0,0,0,0,0,0,0,0,0,1,0,1,0,0,0,0,-0.9785102586489391,0
-0.8850680812029015,-1.1260167999887034,-0.33424318517007867,-0.29213809036793725,11,2,0.062165584937150214,2,1,0,0,0,0,0,0,0,0,0,0,0,0,0,1,0,0,1,1,0,0,-0.7130235508473488,1
0.4895943245329479,-0.18460774601669103,0.46810456946907797,0.4760647457635588,6,1,-0.10323382521121814,2,1,0,0,0,0,1,0,0,0,0,0,0,0,0,0,0,0,1,0,0,0,-0.4475368430457585,1
0.5804368548471881,0.5274337163054263,-0.8594789770954098,-1.1818940269057001,0,3,-0.08858416316950551,0,0,0,0,1,0,1,0,0,0,0,0,0,0,0,0,1,0,0,1,1,0,-0.9785102586489391,0
-0.568757107135991,0.11106194043437605,0.45901675644889983,-0.02919832069140366,5,3,-0.011082725271412915,1,1,0,0,0,0,0,0,0,0,0,0,0,0,0,1,0,0,1,1,0,0,-0.09353686686311802,1
-0.6377079458881364,-0.8082240007692942,-0.8594789770954098,-1.1818940269057001,2,2,-0.12738213909287993,0,0,1,0,0,0,0,0,1,0,0,0,0,0,0,0,0,1,0,0,0,0,0.08343657255742204,1
1.287482564623678,0.816681648138327,1.1323772671629735,0.5594875200643291,26,2,0.03853709777309759,1,0,0,0,0,1,1,0,0,0,0,0,0,0,0,0,1,0,0,0,0,1,0.3489232803590123,1
-0.6508509504938467,-1.1444415200450129,-0.511455539063552,-0.8776343220958339,8,1,-0.11930119648277393,1,1,0,0,0,0,0,0,0,0,0,0,1,0,0,0,0,0,1,0,0,0,-0.4475368430457585,0
-0.45054996236913225,-0.9758620558801676,0.830688408653703,0.9598704423948957,15,1,-0.07724248933076026,2,1,0,0,0,0,0,0,0,0,1,0,0,0,0,0,0,0,1,0,0,0,-0.4475368430457585,1
-0.8850680812029015,1.0008952269494935,1.271414172931538,0.9511425122369075,19,5,0.21811360021989754,2,1,0,0,0,0,0,0,0,0,0,0,0,0,0,1,0,1,1,1,1,1,-0.5802801969465538,1
-0.8773979994877149,-0.813737968085416,-0.035307204327504144,0.23058083640300137,12,3,-0.12539734617109952,2,0,1,0,0,0,1,0,0,0,0,0,0,0,0,0,0,1,0,0,0,0,1.6763568193669638,1
1.1648811022074936,0.38373434856698396,0.18913524351025254,1.2863704210624924,6,1,-0.12213661494246024,2,0,0,0,0,1,0,0,0,0,1,0,0,0,0,0,0,0,1,0,0,0,-0.4475368430457585,0
0.8004323757093346,0.07700310573174568,-0.8594789770954098,-1.1818940269057001,0,1,-0.12686231237527076,0,1,0,0,0,0,0,0,0,0,0,0,0,0,0,1,1,0,0,0,0,0,-0.4475368430457585,0
0.5541508456357677,-0.1302749949017349,0.13643256143338015,-0.31121775164353926,2,1,-0.08433103547997604,1,1,0,0,0,0,0,0,0,0,0,0,0,0,0,1,0,0,0,0,1,0,0.6144099881606027,1
-0.44835280354446944,-0.9740128595241512,-0.32425985772820415,-0.5535120519762603,6,1,-0.08433103547997604,2,1,0,0,0,0,1,0,0,0,0,0,0,0,0,0,0,0,1,0,0,0,2.2073302349701445,1
-0.8850680812029015,-0.48767421789182397,0.39089132599836746,0.5356524416926806,9,3,-0.11970288076456283,3,1,0,0,0,0,0,0,0,0,0,0,0,0,0,1,1,1,1,0,0,0,-0.6245102824662986,1
0.18642635507174762,0.8157402390843551,0.08283436493481137,0.9161727987135395,11,3,-0.020534120137033963,2,0,0,0,0,1,0,0,1,0,0,0,0,0,0,0,1,0,0,1,1,0,0.4374365487400626,1
0.03318451413708379,-0.26197139720203383,0.3327160557889061,0.1447803535542076,4,2,-0.074879640614355,3,1,0,0,0,0,0,0,0,0,1,0,0,0,0,0,0,0,0,1,1,0,-0.4475368430457585,1
-0.8850680812029015,-1.3415658515963669,-1.4573841059813624,-1.2097016183392904,21,1,-0.10476967687688156,2,1,0,0,0,0,0,1,0,0,0,0,0,0,0,0,1,0,0,0,0,0,0.6144099881606027,1
-0.8850680812029015,-0.5521607380889068,-0.8594789770954098,0.31478651473787717,7,3,-0.025321251636471025,2,1,0,0,0,0,0,0,0,0,0,0,0,0,0,1,1,0,0,1,1,0,-0.2705634036252185,1
0.053997600457980445,1.4430548865489912,-0.5269114546380155,1.2204325035234058,16,4,0.04829363092195522,2,1,0,0,0,0,0,0,0,0,0,0,0,0,0,1,1,0,0,1,1,1,0.08343657255742204,1
0.6668850675121027,0.6296774639171724,0.08101016889061502,0.5904557240800481,9,2,-0.09992583700825078,4,0,1,0,0,0,0,0,0,0,0,0,0,0,0,1,1,0,0,0,0,0,2.738303650573325,1
0.14044581312289514,0.5716463200901833,-0.1952394466023177,-0.6011822087195577,3,3,-0.025732387313125542,1,0,0,0,0,1,0,0,0,0,0,0,0,0,0,1,1,0,0,1,1,0,0.4374365487400626,1
-0.0007316284472566472,-0.06854545836271285,0.49629669015211225,1.5723623650765695,8,2,-0.11100759748819146,3,0,0,0,1,0,1,0,0,0,0,0,0,0,0,0,0,1,1,0,0,0,-0.7130235508473488,0
-0.20650553946249467,0.8489249082368686,0.23003040210105405,0.24806569316468524,3,5,-0.08071907624103801,3,0,0,0,0,1,1,0,0,0,0,0,0,0,0,0,1,0,1,0,0,0,-0.4475368430457585,1
-0.5862944293910268,-0.951015581205692,-0.06346615780973495,1.3809278305149821,63,2,-0.07724248933076026,6,1,0,0,0,0,0,0,0,0,0,1,0,0,0,0,0,0,1,1,0,0,-0.9785102586489391,1
3.0112535334273134,1.9376981009074283,2.375450786079965,1.6462453087395388,1,1,-0.13135172493644076,1,0,0,0,0,1,1,0,0,0,0,0,0,0,0,0,1,0,0,0,0,0,-0.9785102586489391,0
-0.8850680812029015,-1.1453493073470573,-0.6659151932057764,-1.009510157174007,9,2,-0.13099729762897996,2,0,0,0,0,1,0,0,1,0,0,0,0,0,0,0,0,1,0,0,0,0,-0.9785102586489391,0
-0.8205115601000816,1.1814440348005544,1.4795051907731351,1.3173676215239185,45,7,0.44258422827839744,3,0,0,1,0,0,0,0,1,0,0,0,0,0,0,0,1,0,1,1,1,1,0.8798966959621929,1
-0.8270630882318034,-1.1729863874315216,-0.6950028283105071,-0.30881104664980824,10,2,-0.1194665958929223,3,1,0,0,0,0,0,0,1,0,0,0,0,0,0,0,0,1,1,0,0,0,0.3489232803590123,1
-0.17474660736055053,-0.5392499853487193,-0.09255379291446562,0.16067040580197323,37,2,0.22756499508551858,3,1,0,0,0,0,0,0,0,0,0,1,0,0,0,0,0,0,1,0,0,0,0.6144099881606027,1
3.255337904676218,2.1431270051848927,1.0769548746202084,0.5110344592869265,4,1,-0.032348363719060275,1,0,0,0,0,1,0,0,0,0,0,0,0,0,0,1,1,0,0,0,0,0,1.1453834037637833,1
-0.7208803944871901,-0.006815921823690958,0.5508235682731811,0.4903599934974064,13,4,-0.01580842270422344,4,0,0,1,0,0,1,0,0,0,0,0,0,0,0,0,0,0,1,1,1,0,-0.18205013524416824,1
-0.8773979994877149,-0.5226744616484262,-0.5959655667110478,0.08759936261881662,15,3,-0.08456732035161657,3,0,1,0,0,0,0,0,0,0,0,0,0,0,0,1,0,0,1,1,1,0,-0.2705634036252185,1
-0.5862944293910268,-0.5576747054050285,-0.19613496102401407,-0.601965112753663,6,2,-0.06070254831592342,1,1,0,0,0,0,1,0,0,0,0,0,0,0,0,0,0,0,1,1,0,0,0.08343657255742204,1
-0.11566300914825448,-0.6940109094713326,-0.3060842316878479,-0.46689966864765353,1,1,-0.074879640614355,2,1,0,0,0,0,1,0,0,0,0,0,0,0,0,0,1,0,0,0,0,0,-0.4475368430457585,1
-0.3991364458720226,-0.9325908611493827,-0.38969874491364725,-0.4041513601364032,6,1,-0.10559667392762341,2,1,0,0,0,0,0,0,0,0,0,0,1,0,0,0,0,0,1,0,0,0,2.738303650573325,1
-0.0674853083747391,-0.6534630766466808,-0.8594789770954098,-1.1818940269057001,2,1,-0.074879640614355,0,0,0,0,0,1,0,0,0,0,0,0,0,0,0,1,0,0,1,0,0,0,1.6763568193669638,1
-0.588451639873423,-0.8100731971253107,-0.43331361397034157,-0.31121775164353926,10,3,-0.10996794405297314,3,0,1,0,0,0,0,1,0,0,0,0,0,0,0,0,0,1,1,0,0,0,1.1453834037637833,1
0.17987482694002582,-0.4452771887111558,-0.8594789770954098,-1.1818940269057001,6,1,-0.10559667392762341,0,1,0,0,0,0,0,1,0,0,0,0,0,0,0,0,0,0,1,0,0,0,-0.9785102586489391,1
-0.47903313040521545,1.06353255079056,1.0296916134751215,1.1894642995076872,10,4,-0.06979951587408369,2,1,0,0,0,0,0,0,0,0,1,0,0,0,0,0,0,0,1,1,0,0,0.6144099881606027,1
-0.8850680812029015,-0.3881874539381388,0.10916912237284583,0.06773679730910928,7,5,0.07445239826245759,3,1,0,0,0,0,0,0,0,0,0,0,0,0,0,1,0,0,1,1,1,1,0.08343657255742204,1
-0.4855846585369373,0.8286509918245425,1.3077322578114472,0.8494519771403476,28,4,0.3830404406249849,2,1,0,0,0,0,0,0,0,0,0,0,0,0,0,1,0,0,1,1,1,0,2.472816942771735,1
-0.8018956326038477,-0.9768034649341397,-0.805880780596841,-0.41287929029439135,3,4,-0.1117400805902771,3,0,1,0,0,0,1,0,0,0,0,0,0,0,0,0,0,1,1,0,0,0,0.08343657255742204,1
-0.8522305438597593,-0.7308603495839512,-0.4996480155774812,-0.514569825390951,7,3,-0.11268522007683919,2,0,1,0,0,0,0,1,0,0,0,0,0,0,0,0,0,1,1,0,0,0,-0.4475368430457585,1
-0.8861466864440996,-1.3424736388984113,-0.8476714536093388,-1.171571292233794,2,1,-0.12922516109167603,1,1,0,0,0,0,0,1,0,0,0,0,0,0,0,0,0,1,0,0,0,0,-0.9785102586489391,0
0.7282057728913284,0.016214978246695853,1.1314485855404737,0.5586756195845163,10,1,-0.0370740611518708,1,0,1,0,0,0,0,0,0,0,1,0,0,0,0,0,0,0,1,0,0,0,-0.9785102586489391,0
1.1539352564264462,1.5637233542170466,1.0214993148766398,0.8184547766789213,10,3,-0.08433103547997604,2,1,0,0,0,0,0,0,0,0,1,0,0,0,0,0,1,0,0,1,0,0,-0.6245102824662986,0
1.4133198427634568,0.5928280238045535,1.795721283234369,1.6700803871111876,4,1,-0.12686231237527076,2,0,1,0,0,0,1,0,0,0,0,0,0,0,0,0,0,0,1,0,0,0,0.08343657255742204,1
1.2984284104047255,1.106837367273272,2.653524597617094,1.8893515095520728,5,3,-0.003994179122197129,1,1,0,0,0,0,1,0,0,0,0,0,0,0,0,0,0,0,0,0,0,1,1.6763568193669638,1
-0.13316038306102365,-0.708737236815609,-0.3088039421537406,-0.3048385335878668,5,1,-0.12686231237527076,3,0,1,0,0,0,0,0,0,0,0,0,0,0,0,1,0,0,1,0,0,0,2.2073302349701445,1
-0.8850680812029015,0.2731860282291276,0.374506728801404,1.0265912639680874,26,4,0.02436000547466602,5,0,0,0,0,1,0,0,0,1,0,0,0,0,0,0,0,0,1,1,1,0,0.08343657255742204,1
-0.6180134131507045,-0.6940109094713326,-0.8594789770954098,-1.1818940269057001,2,2,-0.08055047753372763,1,0,1,0,0,0,0,0,0,1,0,0,0,0,0,0,1,0,1,0,0,0,-0.4475368430457585,1
0.8081024574245212,0.8691652028972668,1.4631205935761715,0.8486400766605349,10,2,0.012545761892639708,1,1,0,0,0,0,0,0,0,1,0,0,0,0,0,0,0,0,0,0,0,1,0.8798966959621929,1
0.9788416722719542,1.6834840345830575,2.071970898727302,1.3809278305149821,12,5,-0.08102304727700868,1,0,0,0,0,1,1,0,0,0,0,0,0,0,0,0,0,0,1,1,0,0,-0.18205013524416824,1
1.254645027280536,2.0906098286740256,1.795721283234369,1.1394164342163662,2,4,0.25127614887476335,1,1,0,0,0,0,0,0,0,0,0,0,0,0,0,1,1,0,0,0,1,1,1.4993833799464236,1
0.1349728902323714,0.8083770754122167,1.3413637994262668,0.7421941244679285,15,2,-0.07109908266810658,1,0,0,0,0,1,1,0,0,0,0,0,0,0,0,0,0,0,1,1,0,0,-0.4475368430457585,1
-1.0164182305754703,-1.2282605476004496,-0.7240904634152379,-0.9292769919010727,5,2,-0.12679142691377862,2,1,0,0,0,0,0,0,0,0,0,1,0,0,0,0,0,1,0,0,0,0,1.1453834037637833,1
0.5147617801609037,0.4887350798367911,-0.8594789770954098,-1.1818940269057001,3,2,-0.11500807994156802,0,0,0,0,0,1,0,0,0,0,0,0,0,0,0,1,1,0,1,0,0,0,0.08343657255742204,1
-0.585175875807562,-0.3283071137551332,-0.8594789770954098,-1.1818940269057001,3,3,0.12359965156368703,0,1,0,0,0,0,0,0,0,0,0,0,0,0,0,1,1,0,0,0,1,0,-0.09353686686311802,1
-0.5589298149384083,0.5283415036074707,0.6516850259168366,1.1338491166405067,8,4,0.021997156758260757,3,0,0,0,0,1,0,0,0,1,0,0,0,0,0,0,0,0,1,1,1,1,-0.0493067813433731,1
-0.5501411796397571,-0.8690121282543442,-0.3169962407522224,-0.7076281609121641,4,2,-0.04274489807124343,1,0,1,0,0,0,0,0,0,0,0,0,0,0,0,1,0,0,1,1,0,0,-0.18205013524416824,1
-0.4855846585369373,-0.6138566528760011,0.5880703347755898,0.364834380029198,10,2,-0.11504806879324446,2,1,0,0,0,0,0,0,0,0,0,1,0,0,0,0,0,1,1,0,0,0,-0.4475368430457585,0
0.8015109809505326,0.07791089303379009,0.1355370470116838,-0.31200065567764446,6,1,-0.0559768508831129,1,1,0,0,0,0,1,0,0,0,0,0,0,0,0,0,0,0,0,1,0,0,0.08343657255742204,1
-0.7176046304213293,-0.10630268577737616,-0.5632295395179244,0.3481614237473269,24,3,-0.0559768508831129,4,1,0,0,0,0,0,1,0,0,0,0,0,0,0,0,0,0,1,1,1,0,1.4993833799464236,1
1.0674870437615316,0.30176451736756366,0.23095908372355406,-0.22857788137687393,8,1,-0.08163180216890846,1,1,0,0,0,0,0,0,0,0,0,0,0,0,0,1,0,0,1,0,0,0,-0.9785102586489391,0
0.8934720648482375,1.088412647216963,1.4640492751986711,0.8494519771403476,5,2,-0.10327013747029186,1,0,0,0,1,0,0,0,0,1,0,0,0,0,0,0,1,0,1,0,0,0,-0.4475368430457585,0
-0.3268698947117497,-0.871769111912405,-0.8594789770954098,-1.1818940269057001,1,1,-0.13061924183435514,0,0,0,0,0,1,0,0,0,0,0,0,0,0,0,1,0,1,0,0,0,0,-0.9785102586489391,0
0.00146553037740618,1.3251434025389965,-0.3060842316878479,1.4539988736981388,7,3,0.05885759673418285,5,1,0,0,0,0,0,0,1,0,0,0,0,0,0,0,1,0,0,1,1,0,0.6144099881606027,1
-0.42210674267531556,-0.9519233685077364,-0.8813029952241586,-0.32313529082936365,3,1,-0.13061924183435514,3,1,0,0,0,0,0,1,0,0,0,0,0,0,0,0,0,1,0,0,0,0,2.2073302349701445,1
0.9011021982211574,0.16172992058922675,1.380434761972872,0.7763519375114835,6,1,-0.07015394318154447,1,0,0,0,0,1,1,0,0,0,0,0,0,0,0,0,0,0,0,0,0,1,0.6144099881606027,1
0.07261352795421445,0.6868008204421168,-0.8594789770954098,-1.1818940269057001,1,4,-0.03012728592563933,0,1,0,0,0,0,0,0,0,0,0,0,0,0,0,1,0,0,1,1,0,0,0.3489232803590123,1
-0.301702439083794,0.8074692881101723,1.2695899768873418,0.6794458159566781,4,3,0.14250244129492914,1,1,0,0,0,0,0,0,0,0,0,0,0,1,0,0,0,0,1,1,1,0,1.1453834037637833,1
1.162683943382831,2.019701553858776,1.4640492751986711,0.8494519771403476,9,4,0.057912457247620744,1,1,0,0,0,0,0,0,0,1,0,0,0,0,0,0,1,0,0,1,1,1,1.0126400498629882,1
0.013489981399651707,-0.33200550646716614,0.6889317924192455,0.7620566897776359,3,3,-0.12981587327077734,3,1,0,0,0,0,0,0,0,0,0,0,0,0,0,1,0,1,0,0,0,0,-0.9785102586489391,0
-0.18681100672506268,-0.42409548499678545,-0.2797494742498135,0.5999955547178489,16,3,-0.029985515002655012,4,1,0,0,0,0,0,0,1,0,0,0,0,0,0,0,0,0,1,1,0,0,0.2604100119779621,1
-4.499034812692813,-4.383191261476084,-2.8649669408840603,-2.3075940421662193,6,1,-0.13111544006480025,2,0,1,0,0,0,0,0,0,0,1,0,0,0,0,0,0,1,0,0,0,0,-0.9785102586489391,0
0.010214217333790807,0.013424372836707322,-0.8594789770954098,-1.1818940269057001,3,2,-0.05550428113983185,0,0,0,1,0,0,1,0,0,0,0,0,0,0,0,0,0,0,0,1,1,0,-0.18205013524416824,1
-0.567678501894793,-1.0744410325318083,-0.18067904544955046,-0.21747224267086243,7,1,-0.11268522007683919,4,1,0,0,0,0,0,1,0,0,0,0,0,0,0,0,0,0,1,0,0,0,-0.9785102586489391,0
-0.7252747121365158,-0.07775781839086757,0.1355370470116838,-0.31200065567764446,15,4,0.44494707699480274,1,1,0,0,0,0,0,0,0,0,0,0,0,1,0,0,0,0,1,1,1,1,-0.18205013524416824,1
-1.0185754410578667,-1.2642022004110238,-0.8594789770954098,-1.1818940269057001,5,2,-0.10795952264402867,0,1,0,0,0,0,0,0,1,0,0,0,0,0,0,0,1,1,0,0,0,0,-0.9785102586489391,1
-0.6190920183919025,-1.1177122272625934,-0.7204420713268452,-1.060340926499433,2,1,-0.13149349585942507,1,1,0,0,0,0,0,0,0,0,0,0,0,0,0,1,0,1,0,0,0,0,-0.9785102586489391,0
7.861980993148784,6.0202193287128445,7.3278113740649875,5.975849599570109,1,1,-0.09378243034559709,1,0,0,0,0,1,1,0,0,0,0,0,0,0,0,0,1,0,0,0,0,0,-0.4475368430457585,0
-0.6125404902601808,-0.9012553883528855,-0.7504252208532723,-0.42958124302197,5,2,-0.10984980161715288,2,0,0,1,0,0,0,0,0,0,1,0,0,0,0,0,0,1,1,0,0,0,3.269277066176506,1
-0.6169348079095063,0.7540443242972605,0.4835604850435414,1.0210529428379354,37,6,0.03239369111044391,4,1,0,0,0,0,0,0,0,1,0,0,0,0,0,0,1,1,1,1,1,1,1.1453834037637833,1
-1.0831719105029531,-1.1297151927007365,-0.6641241643623838,-0.30881104664980824,8,2,-0.11960836681590661,2,1,0,0,0,0,0,1,0,0,0,0,0,0,0,0,0,1,1,0,0,0,1.1453834037637833,1
-0.8850680812029015,-0.9224370920672559,-0.5278069690597119,0.395048676456519,4,2,-0.11693834776636866,4,1,0,0,0,0,0,0,0,0,0,1,0,0,0,0,0,1,1,0,0,0,-0.4475368430457585,1
0.545402158679383,-0.13763815857387313,-1.192046499552804,1.0194581383240173,3,1,-0.11221265033355814,3,0,0,0,0,1,0,1,0,0,0,0,0,0,0,0,1,0,0,0,0,0,-0.9785102586489391,1
-0.8850680812029015,0.843377319168819,-0.7477055103873795,1.7201282524025088,24,3,-0.004400589101418833,3,1,0,0,0,0,1,0,0,0,0,0,0,0,0,0,0,0,1,1,1,0,1.6763568193669638,1
-0.5775057940923756,-0.38173207756804495,-1.0030597893740634,-0.3548863988791876,3,2,-0.12331803930066287,2,0,0,0,0,1,0,0,0,0,0,0,0,0,0,1,1,1,0,0,0,0,-0.9785102586489391,1
-0.8850680812029015,-1.2586546113429746,-0.05802673687794952,0.35929605889904603,10,2,-0.13103037751100965,3,0,0,0,0,1,0,1,0,0,0,0,0,0,0,0,0,1,0,0,0,0,-0.7130235508473488,1
-0.8183144012754188,-1.1637740274033668,-0.8040565845526446,-0.47327888670332596,4,2,-0.12694264923162854,2,0,1,0,0,0,0,0,0,0,0,0,0,0,0,1,0,1,0,0,0,0,1.6763568193669638,1
1.4253842421279688,0.6029817928866801,-0.1952394466023177,-0.6011822087195577,1,1,-0.08433103547997604,1,1,0,0,0,0,0,0,0,0,0,0,0,0,0,1,1,0,0,0,0,0,0.08343657255742204,1
-0.851151938618561,-0.8929844373787029,-0.8594789770954098,-1.1818940269057001,6,2,-0.12922516109167603,0,1,0,0,0,0,1,0,0,0,0,0,0,0,0,0,0,0,0,0,0,0,-0.9785102586489391,1
0.2028451237433188,-0.42594468135280195,-0.5559659225419427,0.6476657114611464,5,1,-0.12875259134839498,3,1,0,0,0,0,0,1,0,0,0,0,0,0,0,0,0,1,0,0,0,0,2.2073302349701445,1
-0.6180134131507045,-1.116804439960549,-1.1629920316488769,-0.931654700449096,7,1,-0.13135172493644076,2,1,0,0,0,0,0,0,0,0,1,0,0,0,0,0,0,1,0,0,0,0,0.08343657255742204,0
-1.2845515038688655,-0.22697115344543156,0.36634759740372586,0.46017469351579243,4,2,-0.12071890571261709,3,1,0,0,0,0,0,0,1,0,0,0,0,0,0,0,0,1,1,0,0,0,-0.4475368430457585,0
-0.10359860978374236,-0.1606690586442598,0.30090871021828275,-0.1674243773795416,1,2,-0.12020616754115715,1,0,0,0,0,1,0,0,0,0,0,0,0,0,0,1,0,1,0,0,0,0,0.08343657255742204,1
0.5541508456357677,1.3232942061829802,1.9910760959673952,1.4595661912739983,1,3,-0.030171409762569483,2,0,0,0,0,1,1,0,0,0,0,0,0,0,0,0,0,0,0,1,1,1,0.8798966959621929,1
-0.6880428571440479,-1.1757433710895824,-0.11616883988660735,-0.532054682152635,8,1,-0.10795952264402867,1,1,0,0,0,0,0,0,0,0,0,0,0,0,0,1,0,0,1,0,0,0,-0.9785102586489391,0
0.00034697679394160336,-0.5963733418736638,-0.6114214822855113,-0.1912594557511904,5,1,-0.12686231237527076,4,1,0,0,0,0,0,0,1,0,0,0,0,0,0,0,0,0,1,0,0,0,-0.9785102586489391,1
0.7139442147021533,1.3048694861266708,-0.805880780596841,-1.1350357706422154,5,2,-0.08433103547997604,1,1,0,0,0,0,0,0,0,0,0,0,0,0,0,1,1,0,0,1,0,0,0.6144099881606027,1
1.6858474337061773,1.6843918218851022,2.459960813727461,1.7201282524025088,10,3,0.019634308041855494,1,1,0,0,0,0,0,0,0,0,0,0,0,0,0,1,0,0,0,0,0,1,0.08343657255742204,1
-0.13971191119274554,-0.7142512041317309,-0.8594789770954098,-0.6416902433730776,2,1,-0.12071890571261709,2,1,0,0,0,0,0,0,0,0,0,0,0,0,0,1,0,0,1,0,0,0,-0.4475368430457585,1
-0.45054996236913225,-0.48031105421968573,0.46810456946907797,-0.021253294567520724,7,2,-0.08669388419638131,1,1,0,0,0,0,1,0,0,0,0,0,0,0,0,0,0,0,1,1,0,0,-0.18205013524416824,1
-2.2859765478079046,-1.2089280402420959,-1.1702556486248585,-1.157276044499946,5,3,-0.07818762881732237,2,0,0,1,0,0,0,1,0,0,0,0,0,0,0,0,1,0,0,1,1,0,-0.9785102586489391,1
-0.2469732101785569,-0.6092504728619238,-0.8322155380348754,-1.1580589485340513,2,2,-0.12030549697549739,1,0,0,0,0,1,0,0,0,0,0,0,0,0,0,1,1,0,0,0,0,0,-0.9785102586489391,1
0.5005401703139953,-0.1753953859885363,-0.19613496102401407,-0.601965112753663,3,1,0.010182913176234445,1,1,0,0,0,0,0,0,0,0,0,0,0,0,0,1,0,0,0,1,0,0,0.6144099881606027,1
-0.2874808292368856,-0.7814947079868746,-0.8594789770954098,0.9995955730143101,2,2,0.010891767791156024,3,1,0,0,0,0,0,0,0,0,1,0,0,0,0,0,0,0,1,1,0,0,-0.7130235508473488,1
-0.6048704085449942,-0.6267674056161888,-0.0625706433880386,-0.006146146353860085,10,3,-0.10536038905598288,4,1,0,0,0,0,0,0,0,0,0,1,0,0,0,0,0,0,1,1,0,0,0.08343657255742204,1
-0.7537179318303324,0.816681648138327,-0.47238457651694676,0.26473864944655634,6,8,0.867438604580362,2,1,0,0,0,0,0,0,0,0,0,0,0,0,0,1,1,0,1,1,1,0,-0.06826253228040657,1
-0.7865554691734747,-1.005348332320648,-0.47420877256114313,-0.8450713135661969,3,5,-0.13071375578301134,1,1,0,0,0,0,0,0,1,0,0,0,0,0,0,0,1,1,0,0,0,0,-0.4475368430457585,1
3.3220915846037,2.199308952655865,-0.8594789770954098,-1.1818940269057001,0,1,-0.11930119648277393,0,1,0,0,0,0,0,0,1,0,0,0,0,0,0,0,1,0,0,0,0,0,-0.9785102586489391,1
-0.7504421677644715,0.4168853959675699,0.524455643634343,0.47684764979766403,13,4,0.11887395413087651,3,1,0,0,0,0,0,0,0,0,0,0,0,0,0,1,0,1,1,1,1,0,0.8798966959621929,1
1.0740385718932532,0.3072784846836854,-0.8594789770954098,-1.1818940269057001,0,1,-0.1299340157065976,0,0,0,0,0,1,0,1,0,0,0,0,0,0,0,0,1,0,0,0,0,0,-0.9785102586489391,0
0.6865796002495348,0.2326718171564035,0.46810456946907797,-0.021253294567520724,3,2,-0.04534403165928922,1,1,0,0,0,0,0,0,0,0,0,0,0,0,0,1,0,0,1,1,0,0,-0.18205013524416824,1
-0.8850680812029015,-1.3415658515963669,-0.7486341920098795,-0.24765754265247591,5,1,-0.13017030057823814,4,1,0,0,0,0,0,0,0,0,0,0,0,0,0,1,0,1,0,0,0,0,-0.4475368430457585,0
-0.2557618454772081,0.6619207240157137,0.6053172791934462,0.09870500132482825,6,5,-0.011492452690232453,1,0,0,1,0,0,0,0,0,0,0,0,0,0,0,1,1,0,1,1,0,0,0.08343657255742204,1
-1.085369069327616,-1.5101453157612121,-0.8594789770954098,-1.1818940269057001,1,1,-0.1308791551931597,0,0,0,0,0,1,0,0,0,0,0,0,0,0,0,1,0,1,0,0,0,0,-0.9785102586489391,0
1.3498419269018351,0.5394030599916417,-0.8594789770954098,-1.1818940269057001,3,1,-0.008719876555007652,0,0,0,1,0,0,0,0,0,0,0,0,0,0,0,1,1,0,0,0,0,0,-0.4475368430457585,1
-0.45166851595259694,-0.28779290268240915,1.1032896320582428,1.118741968426846,16,2,-0.1117400805902771,2,1,0,0,0,0,0,0,0,1,0,0,0,0,0,0,0,0,1,1,0,0,-0.7130235508473488,1
1.9123944827000456,1.012864570635709,1.6848433309480355,1.0424813162158533,3,1,-0.11741091750964971,1,0,0,0,0,1,0,0,0,0,0,0,0,0,0,1,0,0,1,0,0,0,0.08343657255742204,0
0.10652967053855489,0.2787336172971771,0.993340361394409,2.281789405758756,21,2,0.159042382309766,3,1,0,0,0,0,0,0,0,0,0,0,0,0,0,1,0,0,0,1,0,1,0.6144099881606027,1
0.3790572614812756,-0.27763913360028236,-0.1952394466023177,-0.6011822087195577,6,1,-0.06070254831592342,1,1,0,0,0,0,1,0,0,0,0,0,0,0,0,0,0,0,0,0,0,1,0.08343657255742204,1
0.6461119295334726,-0.052877721964464434,0.3845232234440822,-0.09432433775067733,3,1,-0.06070254831592342,1,0,0,0,0,1,0,0,0,0,0,0,0,0,0,1,0,0,0,1,0,0,-0.4475368430457585,1
1.2820096417331541,0.4823133252186246,-0.8594789770954098,-1.1818940269057001,0,1,-0.09047444214262973,0,0,0,0,0,1,0,0,0,0,0,0,0,0,0,1,0,0,1,0,0,0,-0.4475368430457585,1
0.6975254460305821,0.8507404828409574,0.6589486428928185,1.0472657297576078,4,2,-0.06897251882334184,4,0,0,0,0,1,0,0,0,0,1,0,0,0,0,0,1,0,0,0,0,0,-0.4475368430457585,0
-0.7515607213479362,0.5044028162350395,0.052851215408384354,0.4387173236921676,14,5,-0.03995674603728008,2,0,0,0,0,1,0,0,0,0,0,0,0,0,0,1,1,0,1,1,1,0,-0.7130235508473488,1
0.1765591145318984,-0.44806779412114417,-0.8594789770954098,-1.1818940269057001,1,1,-0.11268522007683919,1,0,1,0,0,0,1,0,0,0,0,0,0,0,0,0,0,0,0,1,0,0,-0.9785102586489391,1
-0.18021953025107426,-0.7483436605862888,-0.8594789770954098,-0.28738267327189043,5,1,-0.11386664443504182,2,0,1,0,0,0,0,0,0,0,0,0,0,0,0,1,0,0,1,0,0,0,-0.9785102586489391,1
0.11527835749493952,1.0967172199430733,-0.8594789770954098,-1.1818940269057001,4,6,0.9647742671737037,0,1,0,0,0,0,0,0,0,0,0,0,0,1,0,0,0,0,1,0,1,1,0.4374365487400626,1
-0.38707204650751054,-0.6405859456584208,-0.030763297817415068,0.36167376744706925,4,2,-0.11599320827980657,3,1,0,0,0,0,0,0,0,0,1,0,0,0,0,0,0,1,1,0,0,0,-0.4475368430457585,1
0.1481158948380817,0.9327439357923052,0.9651814079121784,0.4133164372523083,8,5,0.09997116439963441,1,1,0,0,0,0,0,0,0,0,0,0,0,0,0,1,1,0,1,1,1,1,0.3489232803590123,1
-0.7176046304213293,-0.5908257528056144,-0.11888855035250007,0.07568182343299222,8,2,0.03381140034028707,2,1,0,0,0,0,0,0,0,1,0,0,0,0,0,0,0,0,1,1,0,0,-0.18205013524416824,1
0.09338666593284461,-0.5180682816343489,-0.8594789770954098,-1.1818940269057001,0,2,-0.12686231237527076,0,0,0,0,0,1,1,0,0,0,0,0,0,0,0,0,1,1,0,0,0,0,-0.4475368430457585,0
-0.4210281374341175,-0.3200025410290229,0.22369546674757226,0.4244220759583197,7,2,0.1377767438621186,2,1,0,0,0,0,0,1,0,0,0,0,0,0,0,0,0,0,1,1,0,0,0.3489232803590123,1
-0.08502263062977503,-0.668223025742885,-0.8594789770954098,-1.1818940269057001,4,1,-0.12922516109167603,0,0,1,0,0,0,0,1,0,0,0,0,0,0,0,0,0,1,0,0,0,0,1.1453834037637833,0
-0.26123476836773174,-0.8165285734954045,-0.4469453335006088,-0.6679030302927497,6,1,-0.1280437367334734,3,1,0,0,0,0,0,0,0,0,0,0,0,0,0,1,0,1,0,0,0,0,3.269277066176506,1
-0.8850680812029015,0.1359420368607792,0.18641553304435982,0.0923547797148633,5,7,-0.016753562190785543,2,0,0,0,0,1,1,0,0,0,0,0,0,0,0,0,1,1,1,1,0,0,-0.4475368430457585,1
-0.8708464713559931,-1.097471932602195,-0.7022664452864891,-0.914981744167225,4,2,-0.13125721098778456,2,1,0,0,0,0,0,0,0,0,0,0,0,0,0,1,0,1,0,0,0,0,-0.9785102586489391,1
-0.8205115601000816,-0.6092504728619238,-0.35878691376472027,-0.550322442948424,3,4,-0.11575692340816604,2,0,0,0,0,1,0,0,1,0,0,0,0,0,0,0,0,1,1,1,0,0,-0.7130235508473488,0
-0.08502263062977503,-0.024332854577955844,0.13643256143338015,0.3314884674654558,8,3,0.08106837466839231,3,0,1,0,0,0,0,0,0,0,0,1,0,0,0,0,0,0,1,0,0,0,-0.9785102586489391,0
1.5260540646397918,0.6877086077441612,2.621717252046471,2.475630645314075,19,1,-0.09378243034559709,4,0,0,0,0,1,0,1,0,0,0,0,0,0,0,0,1,0,0,0,0,0,-0.9785102586489391,1
-0.7865554691734747,1.151957758360074,0.4399456159868473,1.9854747270727728,9,5,0.14344758078149125,3,0,0,0,0,1,0,0,1,0,0,0,0,0,0,0,0,0,1,1,1,1,-0.766120892407667,1
-0.2174513852435421,-0.7796791333827856,-0.8594789770954098,-1.1818940269057001,3,1,-0.1299340157065976,0,0,0,0,0,1,0,0,0,0,0,0,0,0,0,1,1,0,0,0,0,0,-0.9785102586489391,0
-0.5326438057269878,-1.0449547560913277,-0.8594789770954098,-1.1818940269057001,7,1,-0.074879640614355,0,1,0,0,0,0,0,0,0,0,0,0,1,0,0,0,1,0,0,0,0,0,3.269277066176506,1
-0.5862944293910268,-1.0901087689300568,-0.8594789770954098,-1.1818940269057001,3,2,-0.13111544006480025,0,0,1,0,0,0,0,0,0,0,1,0,0,0,0,0,0,1,0,0,0,0,-0.9785102586489391,0
1.377206541354453,0.562433960062028,0.7997765775047758,0.2687111625084978,4,1,0.010182913176234445,1,1,0,0,0,0,0,0,0,0,0,0,0,1,0,0,0,0,0,0,1,0,3.269277066176506,1
-0.588451639873423,-1.0919243435341457,-0.47238457651694676,-0.04665418100737998,9,1,-0.11268522007683919,2,0,0,0,1,0,0,0,0,0,0,0,0,0,0,1,0,0,1,0,0,0,-0.4475368430457585,1
-0.3531559039231702,-0.333821081071255,-0.1425367645254453,0.5467580803986919,8,3,-0.11504806879324446,6,0,0,1,0,0,0,0,0,0,0,0,1,0,0,0,1,1,1,0,0,0,-0.6245102824662986,1
1.0532654339146232,0.28979517368134816,1.3250123694301068,0.7278988767340806,5,1,-0.11268522007683919,1,0,0,0,0,1,0,0,0,0,0,0,0,0,0,1,0,0,0,0,0,0,1.1453834037637833,1
-0.4582200440843187,-0.9823174322502615,-0.5814051655582806,-0.024413907149649302,4,1,-0.11126751084699604,3,1,0,0,0,0,0,0,0,0,1,0,0,0,0,0,0,0,1,0,0,0,-0.4475368430457585,1
-0.6147376490848435,-1.0762902288878247,-0.8594789770954098,-1.1818940269057001,2,2,-0.13099729762897996,1,0,0,0,0,1,0,0,0,0,0,0,0,0,0,1,0,1,0,0,0,0,-0.9785102586489391,0
-0.32031836658002794,0.09727702214407145,-0.41875321281757444,0.32116573279354965,5,2,-0.12738214381857735,2,1,0,0,0,0,0,0,1,0,0,0,0,0,0,0,1,1,0,0,0,0,0.3489232803590123,1
-0.47136304869002893,-0.9933789886344325,-0.8594789770954098,-0.8816068351577753,2,1,-0.12686231237527076,2,0,0,0,0,1,0,1,0,0,0,0,0,0,0,0,0,1,0,0,0,0,-0.9785102586489391,0
-0.584097270566364,-0.30897460639677937,0.4399456159868473,0.12413488421039505,16,3,-0.12213661494246024,2,1,0,0,0,0,0,0,0,0,0,0,0,0,0,1,0,1,0,0,0,0,0.4374365487400626,1
0.2870961775835707,0.5191291435793159,0.4399456159868473,0.6151027029315096,6,2,-0.08622131445310026,2,0,0,0,0,1,0,0,0,1,0,0,0,0,0,0,0,0,1,0,0,0,0.08343657255742204,1
-0.052185093286632664,0.009759601876601869,-0.02893910177321871,-0.455794029941642,5,5,-0.1260211382322305,1,0,0,1,0,0,1,0,0,0,0,0,0,0,0,0,0,1,0,0,0,0,1.1453834037637833,1
-0.8336146163635253,-1.24944225131482,-0.7577220050300576,-1.0929329314747775,5,2,-0.13153602713632037,1,0,1,0,0,0,0,1,0,0,0,0,0,0,0,0,0,1,0,0,0,0,-0.9785102586489391,0
-0.3848748876828477,-0.7114942204736698,0.7052832224154056,0.29573584990798285,13,3,-0.11930119648277393,2,1,0,0,0,0,0,0,0,0,0,0,0,0,0,1,0,1,1,0,0,0,0.4374365487400626,1
0.12730280851718487,-0.48952341424784046,-1.274765498356907,-0.0077409508677783335,3,1,-0.0947275698321592,2,1,0,0,0,0,1,0,0,0,0,0,0,0,0,0,1,0,0,0,0,0,-0.4475368430457585,1
0.6274960020372388,0.5117659799071775,-0.8594789770954098,-1.1818940269057001,11,2,0.26064487711519224,0,1,0,0,0,0,0,0,0,0,0,0,0,1,0,0,1,0,0,0,0,0,-0.9785102586489391,0
-0.8850680812029015,-1.3415658515963669,-0.8594789770954098,-1.1818940269057001,2,1,-0.13151712434658913,1,0,0,0,0,1,0,1,0,0,0,0,0,0,0,0,0,1,0,0,0,0,-0.9785102586489391,0
0.5038159343798563,-0.17263840233047542,0.3626992053153332,0.4498519588438865,8,1,-0.07785682999702563,3,1,0,0,0,0,0,0,0,0,0,0,0,0,0,1,0,0,1,0,0,0,-0.4475368430457585,1
-0.3093725207989805,0.9041990684057967,-0.19613496102401407,-0.601965112753663,7,4,-0.10339922462136651,1,1,0,0,0,0,1,0,0,0,0,0,0,0,0,0,1,0,1,0,0,0,-0.9785102586489391,0
2.115971234890621,2.0030924084065562,-0.7213707529493452,-1.061152826979246,3,5,0.1115491231100202,1,1,0,0,0,0,0,0,0,0,0,1,0,0,0,0,1,0,0,0,0,1,1.4993833799464236,1
0.7139442147021533,0.005153421862524506,0.46810456946907797,-0.021253294567520724,2,2,-0.06542824574873395,1,0,0,1,0,0,1,0,0,0,0,0,0,0,0,0,1,0,0,1,0,0,-0.7130235508473488,1
-0.893816768159286,0.4178268050215418,1.0514824644030667,0.9892728383424039,31,5,0.04326279520590812,3,0,1,0,0,0,0,0,0,0,0,0,0,0,0,1,1,0,1,1,1,0,-0.18205013524416824,1
-0.02042616118468855,0.2593674881868955,0.46810456946907797,0.7763519375114835,13,3,-0.074879640614355,2,1,0,0,0,0,0,0,0,0,0,0,0,0,0,1,1,0,1,1,0,0,-0.4475368430457585,1
-0.8686493125313303,-0.8082240007692942,-0.10343263477803649,0.09157187568075809,4,2,-0.08433103547997604,2,0,0,0,0,1,0,1,0,0,0,0,0,0,0,0,0,0,1,0,0,0,-0.4475368430457585,0
-0.607067567369657,-0.9418032211775372,-0.6395804357677422,-0.4208243164182743,5,2,-0.10323382521121814,3,0,0,1,0,0,0,0,1,0,0,0,0,0,0,0,0,1,1,0,0,0,1.6763568193669638,1
0.47097839703671385,0.3634604321546582,1.0387794264952996,1.3507135340876608,3,2,-0.07617637198991821,2,1,0,0,0,0,0,0,1,0,0,0,0,0,0,0,0,0,1,1,0,0,-0.4475368430457585,1
0.8015109809505326,0.07791089303379009,-0.8594789770954098,-1.1818940269057001,4,1,-0.008719876555007652,0,1,0,0,0,0,0,0,0,0,0,0,0,0,0,1,0,0,0,0,0,1,0.6144099881606027,1
0.235682661086461,-0.3983076012683379,0.13643256143338015,0.16623772337783294,6,1,-0.11741091750964971,2,1,0,0,0,0,0,0,0,0,0,1,0,0,0,0,1,0,0,0,0,0,-0.9785102586489391,1
1.625645281910417,0.7715276352995981,1.0478672395154778,0.9368182680573521,15,1,-0.10087097649481289,3,0,1,0,0,0,0,1,0,0,0,0,0,0,0,0,0,0,1,0,0,0,2.738303650573325,1
-0.5797029529170384,-1.0845611798620076,-0.8594789770954098,-1.1818940269057001,3,1,-0.12922516109167603,0,0,0,0,0,1,0,0,0,0,0,1,0,0,0,0,1,0,0,0,0,0,-0.9785102586489391,1
-1.2845515038688655,-0.5853117854894927,-0.2797494742498135,-0.6750651523825273,3,2,-0.1299340157065976,1,0,0,0,0,1,0,0,1,0,0,0,0,0,0,0,0,1,0,0,0,0,-0.9785102586489391,1
-0.6869642519028498,0.3284601883980559,-0.5278069690597119,0.12651259275841825,10,4,0.005693500615064447,2,0,0,1,0,0,1,0,0,0,0,0,0,0,0,0,1,0,0,1,0,0,-0.09353686686311802,1
-0.851151938618561,0.3514910884684424,-0.25155735356677916,-0.6504181735310657,10,3,-0.038284926605079844,1,1,0,0,0,0,1,0,0,0,0,0,0,0,0,0,0,0,0,1,1,0,-0.18205013524416824,1
-0.839087539254049,-0.9546803521657973,-0.8594789770954098,-1.1818940269057001,7,3,0.06689128236996074,0,0,0,1,0,0,0,0,0,0,1,0,0,0,0,0,0,0,1,1,1,0,-0.09353686686311802,1
-0.8850680812029015,-0.11275806214747,0.18552001862266346,0.35848415841923303,14,3,-0.002576469892353971,4,0,0,0,0,1,0,0,0,0,1,0,0,0,0,0,0,0,1,1,1,0,0.08343657255742204,1
0.930663971498439,1.301204715166565,-0.8594789770954098,-1.1818940269057001,2,2,0.0030943670270186584,0,1,0,0,0,0,0,0,0,0,0,0,0,1,0,0,1,0,0,1,0,0,0.8798966959621929,1
-0.41771242502599,-0.8377102772097746,-0.8313200236131789,0.3799415282428586,3,2,-0.10937723187387183,4,1,0,0,0,0,0,1,0,0,0,0,0,0,0,0,0,1,1,0,0,0,-0.7130235508473488,1
0.6110772333656675,0.3284601883980559,0.6934756989293346,0.22107000221090797,10,2,0.19448511305584493,2,1,0,0,0,0,1,0,0,0,0,0,0,0,0,0,0,0,1,1,0,0,0.3489232803590123,1
-0.01715039711882765,-0.304368426382702,0.16462468211641443,0.2027732449694111,7,3,-0.099955221394888,3,1,0,0,0,0,0,0,0,0,0,0,0,0,0,1,1,0,0,0,0,0,-0.6245102824662986,1
-0.9025654551156707,0.07424612207368494,1.268661295264842,1.4468657480540685,27,4,0.0021492275404565537,4,1,0,0,0,0,0,1,0,0,0,0,0,0,0,0,0,0,1,1,1,1,-0.18205013524416824,1
-0.13316038306102365,-0.708737236815609,-0.5278069690597119,-0.8919295698296815,2,1,-0.08433103547997604,1,0,0,0,0,1,1,0,0,0,0,0,0,0,0,0,0,0,1,0,0,0,-0.4475368430457585,1
1.442881616040738,1.2523859313677308,2.459960813727461,1.7201282524025088,11,2,-0.013445573987818179,1,1,0,0,0,0,1,0,0,0,0,0,0,0,0,0,1,0,0,0,0,0,0.8798966959621929,1
1.1703540250980173,0.38834052858106133,-0.19613496102401407,-0.601965112753663,4,1,-0.12213661494246024,1,0,0,1,0,0,0,1,0,0,0,0,0,0,0,0,1,0,0,0,0,0,-0.9785102586489391,1
-0.6147376490848435,-0.8542858009100677,-0.8594789770954098,-1.1818940269057001,2,2,-0.13148787700517747,1,1,0,0,0,0,0,0,1,0,0,0,0,0,0,0,1,1,0,0,0,0,-0.9785102586489391,1
-0.143027623600873,0.20594252437398375,0.4399456159868473,0.6826064285388068,15,4,-0.06164768780248553,3,1,0,0,0,0,0,0,1,0,0,0,0,0,0,0,1,0,0,1,1,0,-0.3147934891449634,1
-0.22727867744112482,-0.7879500843569684,-0.8594789770954098,-1.1818940269057001,4,2,-0.09614527906200236,0,1,0,0,0,0,1,0,0,0,0,0,0,0,0,0,0,1,1,0,0,0,-0.4475368430457585,1
-0.6180134131507045,-1.116804439960549,-0.5950368850885479,0.35053913229535033,1,1,-0.1254446031454276,3,1,0,0,0,0,0,1,0,0,0,0,0,0,0,0,0,1,0,0,0,0,2.738303650573325,1
0.3484168829627961,1.7912417495109256,-0.6950028283105071,1.5819021957143704,5,3,0.1708566258917923,2,1,0,0,0,0,0,0,0,0,0,0,0,0,0,1,1,0,0,1,1,0,0.2604100119779621,1
-0.7657823311948445,-1.2411713003406373,-0.7604417154959503,-1.095310640022801,1,1,-0.1314982215568579,1,0,0,0,0,1,0,0,0,0,0,0,1,0,0,0,0,1,0,0,0,0,-0.9785102586489391,0
-0.851151938618561,-0.9141661410930733,-0.8594789770954098,-1.1818940269057001,5,3,-0.07251679189794974,0,0,0,0,0,1,1,0,0,0,0,0,0,0,0,0,1,0,1,1,0,0,-0.2705634036252185,1
1.09485165821415,2.1265514814846,-0.8594789770954098,-1.1818940269057001,0,4,0.052714190071529166,0,0,0,0,1,0,0,0,0,0,0,0,0,0,0,1,1,0,1,0,0,0,0.08343657255742204,0
-0.45054996236913225,1.2680200460140518,1.424049631029566,0.8144822636169798,9,5,0.05743988750433969,1,1,0,0,0,0,0,0,1,0,0,0,0,0,0,0,1,0,1,1,1,0,0.6144099881606027,1
-0.8850680812029015,-1.1094412762884107,-0.8594789770954098,-0.9817025657404169,6,2,-0.12851630647675447,2,0,0,0,0,1,0,0,0,0,0,0,1,0,0,0,1,1,0,0,0,0,-0.9785102586489391,1
-0.09812568689321863,-0.023425067275911426,-0.8594789770954098,-1.1818940269057001,2,2,-0.022896968853439226,0,0,1,0,0,0,0,0,0,0,0,0,1,0,0,0,1,0,0,0,0,0,0.08343657255742204,1
-0.41116089689426816,-0.16527523865833715,-0.8594789770954098,-1.1818940269057001,0,2,-0.07464335574271447,0,1,0,0,0,0,1,0,0,0,0,0,0,0,0,0,1,0,1,0,0,0,-0.4475368430457585,1
-0.3137668384483061,-0.8607411772801615,-0.0816417838500911,-0.179341916565366,5,1,-0.11268522007683919,3,1,0,0,0,0,1,0,0,0,0,0,0,0,0,0,0,0,1,0,0,0,0.6144099881606027,1
0.2312883434371355,0.6877086077441612,1.628525423983574,1.1394164342163662,16,4,0.08106837466839231,2,1,0,0,0,0,0,0,0,0,0,0,0,0,0,1,0,0,1,1,1,0,-0.4475368430457585,1
-0.8850680812029015,-1.3415658515963669,-0.4441924558339125,-0.8188295302008173,4,1,-0.13005215814241788,1,1,0,0,0,0,0,0,0,0,0,0,0,0,0,1,0,1,0,0,0,0,0.6144099881606027,0
-0.5096735089236949,0.4463716724080504,-0.8594789770954098,-1.1818940269057001,13,5,0.21811360021989754,0,1,0,0,0,0,0,0,0,0,0,0,0,0,0,1,1,0,0,1,1,0,1.3223568431843236,1
0.6636093034462419,1.0782924998867638,0.02469226192615354,0.9050671600075282,3,4,0.0007315183106133962,2,1,0,0,0,0,0,0,0,0,0,0,1,0,0,0,1,0,0,1,1,0,0.08343657255742204,1
2.7770364027182586,1.7507275384382015,-0.8594789770954098,-1.1818940269057001,0,2,-0.047470595504053956,0,1,0,0,0,0,1,0,0,0,0,0,0,0,0,0,1,0,0,0,0,0,-0.9785102586489391,1
0.14591873601341887,0.20779172073000035,-0.6668438748282765,1.7820936568796537,3,2,-0.09803555803512656,3,1,0,0,0,0,0,1,0,0,0,0,0,0,0,0,0,1,1,0,0,0,-0.7130235508473488,1
-0.8850680812029015,-1.3415658515963669,-0.8231277250146972,-1.1501139224101684,2,1,-0.10795952264402867,1,0,1,0,0,0,0,0,0,0,0,1,0,0,0,0,0,0,1,0,0,0,-0.4475368430457585,0
-0.14630338766673393,-0.6110996692179402,-0.13978388685874893,0.2917633368460414,4,2,-0.12686231237527076,3,1,0,0,0,0,0,0,0,0,0,0,0,0,0,1,0,1,0,0,0,0,0.8798966959621929,1
-0.8139200836260931,0.013424372836707322,0.3590839804277441,0.918550507261563,6,3,-0.0729893616412308,4,1,0,0,0,0,0,1,0,0,0,0,0,0,0,0,1,0,1,1,0,0,-0.6245102824662986,1
-0.0861012358709731,1.3601436462955991,1.3250123694301068,0.7278988767340806,9,4,0.006822843061860074,1,1,0,0,0,0,1,0,0,0,0,0,0,0,0,0,1,0,1,1,1,0,-0.09353686686311802,1
-0.8522305438597593,0.11291113679039268,0.35543558833935135,0.44509654174784036,12,7,0.2873504218257631,5,0,1,0,0,0,0,0,1,0,0,0,0,0,0,0,1,1,1,1,1,1,0.1719498409384723,1
0.4480081002334211,-0.017877478207862157,-1.6881946563734043,0.1868831927216455,5,3,-0.12298724048036613,4,1,0,0,0,0,0,0,1,0,0,0,0,0,0,0,0,1,0,0,0,0,-0.9785102586489391,0
-0.8817923171370405,-0.9556217612197694,-0.8667425940713915,-0.8259916522905948,5,3,-0.12733488211855182,3,0,1,0,0,0,0,0,0,0,0,0,0,0,0,1,0,1,0,0,0,0,-0.7130235508473488,1
1.4560246206464482,1.2468383422996816,1.08421849159619,1.0424813162158533,28,4,0.00513738999256617,3,1,0,0,0,0,0,0,0,0,1,0,0,0,0,0,1,0,0,0,1,0,-0.09353686686311802,1
0.7828950534542988,0.5200705526332882,1.2577824534012711,0.6691230812847719,0,2,-0.09378243034559709,1,1,0,0,0,0,0,0,0,0,0,1,0,0,0,0,0,0,1,0,0,0,-0.7130235508473488,1
2.4902872019286293,1.4992368340199635,-0.8594789770954098,-1.1818940269057001,1,1,0.0701992705729281,0,1,0,0,0,0,0,0,0,0,0,0,0,1,0,0,0,0,0,1,0,0,0.08343657255742204,1
-0.5983188804132724,-0.0952747511451326,-0.68137110878024,-0.13007695530815042,11,3,-0.0271500965429687,4,1,0,0,0,0,0,0,0,0,0,0,0,0,0,1,1,0,1,1,0,0,-0.09353686686311802,1
-0.6847670930781871,-0.2334265298155254,-0.17341542847356883,0.8470742685923244,18,3,-0.006357027838602391,4,0,0,1,0,0,0,0,1,0,0,0,0,0,0,0,1,0,1,1,0,0,-0.4475368430457585,1
-0.6836884878369889,-0.2131526134031996,0.27546946720194465,0.9137950901655163,9,5,-0.06353796677560974,5,0,1,0,0,0,0,1,0,0,0,0,0,0,0,0,0,1,1,1,0,0,1.5701621362463276,1
-0.7843583103488119,-1.1251090126866592,-0.438753034902127,-0.6750651523825273,6,2,-0.12907393877382609,2,0,0,0,0,1,0,0,0,1,0,0,0,0,0,0,0,1,0,0,0,0,1.1453834037637833,1
-0.5829787169828994,0.14239741323087318,0.06376322447275871,-0.021253294567520724,14,4,0.030267127265679174,2,1,0,0,0,0,0,0,0,0,0,0,0,0,0,1,1,0,1,1,1,0,-0.3147934891449634,1
0.7479003056287602,0.5329476836215481,0.46810456946907797,-0.021253294567520724,8,2,-0.07369821625615236,1,1,0,0,0,0,0,0,0,0,1,0,0,0,0,0,0,0,0,1,1,0,-0.18205013524416824,1
-0.6180134131507045,-1.116804439960549,-0.8594789770954098,-1.1818940269057001,2,1,-0.11930119648277393,1,1,0,0,0,0,0,0,0,0,0,0,0,0,0,1,0,0,0,0,0,0,-0.9785102586489391,0
-0.8850680812029015,-1.3415658515963669,0.3318205413672098,0.07249221440515623,0,1,-0.12686231237527076,2,0,1,0,0,0,0,1,0,0,0,0,0,0,0,0,0,1,0,0,0,0,-0.9785102586489391,1
-0.5764271888511775,-1.0818041962039464,-0.7558978089858612,-0.8490438266281384,3,1,-0.12213661494246024,2,1,0,0,0,0,0,1,0,0,0,0,0,0,0,0,0,0,0,0,0,0,-0.9785102586489391,0
-0.8839894759617034,-1.3406580642943224,-0.6659151932057764,-1.0126707697561357,3,1,-0.13149349585942507,1,0,0,0,0,1,0,1,0,0,0,0,0,0,0,0,0,1,0,0,0,0,-0.9785102586489391,0
0.08136221491059908,-0.528188428964548,-0.02893910177321871,1.2530245084987501,5,1,-0.09850812777840762,4,1,0,0,0,0,0,1,0,0,0,0,0,0,0,0,0,0,0,1,0,0,-0.4475368430457585,1
-0.13643614712688454,0.8360141554966809,-0.8594789770954098,-1.1818940269057001,4,5,-0.03169207776238128,0,1,0,0,0,0,0,0,0,0,1,0,0,0,0,0,1,0,1,1,0,0,-0.4475368430457585,1
0.05287904687451587,-0.18830613872872398,-0.07799339176169853,-0.021253294567520724,4,2,0.010182913176234445,2,1,0,0,0,0,1,0,0,0,0,0,0,0,0,0,0,0,1,1,0,0,-0.18205013524416824,1
-0.567678501894793,-0.3660643411697964,0.15188847700784372,0.7096311159382915,11,2,-0.11859234186785235,3,1,0,0,0,0,0,1,0,0,0,0,0,0,0,0,0,1,1,0,0,0,0.6144099881606027,1
2.1072225479342364,1.3058108951806426,1.4640492751986711,0.8494519771403476,6,2,-0.04652545601749185,1,1,0,0,0,0,0,0,0,0,0,0,0,0,0,1,1,0,0,1,0,0,0.6144099881606027,1
5.900677181227966,4.369525796076775,4.667171692803423,4.13121170943531,7,1,-0.10323382521121814,2,1,0,0,0,0,0,0,0,0,0,0,0,0,0,1,0,0,1,0,0,0,-0.9785102586489391,1
1.4921379220554516,0.6591637403576529,-0.8594789770954098,-1.1818940269057001,1,1,-0.029985515002655012,0,0,0,0,1,0,0,0,0,0,0,0,0,0,0,1,0,0,0,0,1,0,0.6144099881606027,1
-0.321396971821226,-0.49594516886600665,-0.8594789770954098,-1.1818940269057001,0,2,-0.12585542692605156,0,0,0,0,0,1,0,0,0,1,0,0,0,0,0,0,1,0,0,0,0,0,-0.9785102586489391,1
-0.6169348079095063,-1.1158966526585044,-0.8594789770954098,-0.9626229044648149,3,1,-0.13111544006480025,2,1,0,0,0,0,0,0,0,0,0,1,0,0,0,0,0,1,0,0,0,0,-0.9785102586489391,0
-0.24481599969616066,-0.39555061761027704,0.2781891776678374,0.9670325644846731,14,2,-0.07960533804716552,3,1,0,0,0,0,0,0,1,0,0,0,0,0,0,0,0,0,1,1,0,0,-0.4475368430457585,1
0.0518004416333178,-0.21409402245717152,-0.8594789770954098,-1.1818940269057001,3,2,0.21007991458411965,0,1,0,0,0,0,0,0,0,0,1,0,0,0,0,0,0,0,0,1,1,0,0.8798966959621929,1
0.5585451632850933,0.1294866604906855,-0.8594789770954098,1.1139865513307994,1,2,-0.0758247801009171,2,0,0,1,0,0,0,0,0,0,0,0,0,0,0,1,0,0,0,0,1,1,0.8798966959621929,1
0.33635248359828407,0.3432201374942599,-0.8594789770954098,-1.1818940269057001,2,4,0.2908893454108771,0,1,0,0,0,0,0,0,0,0,0,0,0,1,0,0,1,0,1,1,0,0,0.7913834275811429,1
2.0940795433285264,1.1657762984023057,0.993340361394409,0.4379344196580621,7,1,0.005457215743423921,1,0,0,1,0,0,0,0,0,0,0,0,0,1,0,0,1,0,0,0,0,0,2.2073302349701445,1
-0.3487615862738445,-0.7612544133264763,-0.8867424161559441,-0.6830101785064102,8,2,-0.10417896469778025,2,0,0,0,0,1,0,0,0,1,0,0,0,0,0,0,0,1,1,0,0,0,0.6144099881606027,1
2.0524933190289993,1.3905377100381238,2.7998251203616404,2.0243879572123746,13,2,-0.01580842270422344,2,0,0,1,0,0,0,0,0,0,0,0,0,0,0,1,0,0,0,0,0,0,1.4108701115653735,1
-0.021544714768153304,0.5541630090878458,0.4117866625046165,1.0488605342715256,13,4,0.0645285234418067,5,0,1,0,0,0,0,0,0,0,0,0,0,0,0,1,0,0,0,0,1,0,0.6144099881606027,1
0.14703728959688364,0.004212012808552597,-0.18615163358213954,0.15669789274003176,5,2,-0.10843209238730972,3,1,0,0,0,0,0,0,1,0,0,0,0,0,0,0,0,0,1,1,0,0,-0.9785102586489391,1
2.0131042535541352,1.0976250072451177,1.4640492751986711,0.8494519771403476,7,1,-0.074879640614355,1,1,0,0,0,0,0,0,0,0,0,0,0,0,0,1,0,0,0,0,0,0,-0.4475368430457585,1
1.4483545389312618,1.4227809701366654,-0.8594789770954098,-1.1818940269057001,4,3,0.0915523249716876,0,1,0,0,0,0,0,0,0,0,0,0,0,0,0,1,1,0,0,0,1,1,0.2604100119779621,1
-0.6190920183919025,1.1381392183178418,-0.0725539708299131,-0.4939243560471385,6,6,0.04363612530310015,1,1,0,0,0,0,0,0,0,0,0,0,0,0,0,1,1,0,0,0,1,1,0.5082153050399665,1
-0.8850680812029015,-1.3415658515963669,-0.8594789770954098,-1.1818940269057001,2,1,-0.13149349585942507,1,0,0,0,0,1,0,0,0,0,0,0,0,0,0,1,0,1,0,0,0,0,-0.9785102586489391,0
-0.6979100976838972,-1.1840479438156926,-0.49327991302319574,-0.694898721246527,5,1,-0.11386664443504182,3,1,0,0,0,0,0,0,1,0,0,0,0,0,0,0,0,0,0,0,0,0,3.269277066176506,1
0.6154715510149933,-0.07866560569291199,-1.1911509851311075,1.3332576737716846,2,1,-0.02762266628624975,3,0,0,1,0,0,0,0,1,0,0,0,0,0,0,0,0,0,0,0,1,0,0.6144099881606027,1
-0.6727426420559416,-0.6958601058273489,-0.11162493337651828,-0.3183508772876093,12,3,-0.12166404519917919,2,1,0,0,0,0,0,0,0,1,0,0,0,0,0,0,1,1,0,0,0,0,0.6144099881606027,1
-0.5917673522815505,-0.9464094011916147,-0.805880780596841,-1.1350357706422154,1,2,-0.021006689880315017,1,0,0,0,0,1,1,0,0,0,0,0,0,0,0,0,0,0,1,1,0,0,-0.18205013524416824,1
-0.4845060532957392,1.4338425265208363,-0.8594789770954098,-1.1818940269057001,6,4,0.1916496945961586,0,1,0,0,0,0,0,0,1,0,0,0,0,0,0,0,1,0,1,0,1,1,0.6144099881606027,1
0.7402302239135738,0.026335125576894994,0.2745739527802483,0.3346490800475845,2,1,-0.1136303595634013,3,1,0,0,0,0,0,0,0,0,0,0,0,0,0,1,0,0,0,1,0,0,-0.4475368430457585,1
-0.5512597332232219,-0.07685003108882316,-0.5596143146303353,-0.9197371612632717,5,3,-0.12487422091668225,1,0,1,0,0,0,0,0,1,0,0,0,0,0,0,0,1,1,0,0,0,0,-0.4475368430457585,1
-0.036844929856259735,0.6821946404280395,-0.19613496102401407,0.7064415069104553,5,3,-0.028095236029530804,2,0,0,1,0,0,1,0,0,0,0,0,0,0,0,0,1,0,1,1,0,0,-0.6245102824662986,1
-0.02042616118468855,0.6250712839030951,1.1314485855404737,0.5586756195845163,3,4,0.2086622053542765,1,1,0,0,0,0,0,0,0,0,0,0,0,0,0,1,0,0,1,1,1,0,-0.3147934891449634,1
0.9284668126737761,1.7976971258810193,-0.1952394466023177,-0.6011822087195577,2,2,-0.041799758584681324,1,0,0,1,0,0,1,0,0,0,0,0,0,0,0,0,1,0,0,1,0,0,0.3489232803590123,1
0.0025441356186044306,1.1225051036715208,1.4640492751986711,0.8494519771403476,4,3,-0.07960533804716552,1,1,0,0,0,0,1,0,0,0,0,0,0,0,0,0,1,1,0,1,0,0,-0.6245102824662986,1
-0.2502889225866844,-0.8073162134672498,-0.46601647396266144,-0.44387649075581775,6,1,-0.11741091750964971,2,1,0,0,0,0,1,0,0,0,0,0,0,0,0,0,0,0,1,0,0,0,-0.4475368430457585,1
-0.7493635625232734,0.4150698213634811,0.1355370470116838,0.567432546188212,5,4,0.09869522609277558,3,0,0,1,0,0,1,0,0,0,0,0,0,0,0,0,1,0,1,1,1,0,0.08343657255742204,1
-0.6202105719753672,0.6370406275893105,1.2005358648143096,1.3141780124960827,29,5,0.19921081048865544,4,1,0,0,0,0,0,1,0,0,0,0,0,0,0,0,0,0,1,1,1,1,-0.022758110563214168,1
-0.6738212472971397,-0.9896805959223995,-0.4296652218819489,-0.2023650944572019,30,3,-0.08524136075355064,3,1,0,0,0,0,0,0,0,0,1,0,0,0,0,0,0,1,1,0,0,0,3.092303626755966,1
2.037193103940893,1.1178989236574435,0.8007052591272756,0.2695230629883106,6,1,-0.05134094642722321,1,0,0,0,0,1,0,0,0,0,0,0,0,1,0,0,0,0,0,1,0,0,-0.9785102586489391,1
-0.9518217611303841,-0.11460725850348633,0.5171920266583612,0.17656045804973908,12,4,-0.03542006705038712,3,0,0,1,0,0,0,0,0,0,0,0,0,0,0,1,0,1,1,1,0,0,0.4816666342598075,1
-0.2535646866525453,-0.8100731971253107,-0.11252044779821464,-0.44706609978365397,14,1,-0.11741091750964971,2,0,0,0,1,0,0,0,0,1,0,0,0,0,0,0,0,0,1,0,0,0,-0.9785102586489391,0
-0.8850680812029015,-1.3415658515963669,-0.8594789770954098,-1.1818940269057001,3,1,-0.13102092611614402,0,1,0,0,0,0,0,0,0,0,0,0,0,0,0,1,0,1,0,0,0,0,-0.4475368430457585,0
-0.028096242899875105,0.33030938475407223,-0.07437816687410932,-0.395423429978415,4,5,-0.0940680845783182,2,1,0,0,0,0,0,1,0,0,0,0,0,0,0,0,1,0,0,1,0,0,-0.4475368430457585,1
-0.623486336041228,-0.14960750226008873,0.41540188739220557,0.719953850610198,27,3,-0.008719876555007652,5,1,0,0,0,0,0,0,0,0,0,0,0,0,0,1,0,0,1,1,1,0,0.4374365487400626,1
-1.2845515038688655,-1.3415658515963669,-1.3856102834424373,-0.931654700449096,9,2,0.13116076745618388,2,0,0,0,0,1,0,0,0,0,0,0,0,0,0,1,0,0,1,1,0,0,-0.4475368430457585,0
1.0860630229154988,0.3173986320138846,-0.8594789770954098,-1.1818940269057001,2,1,-0.074879640614355,1,0,0,1,0,0,0,0,0,0,0,0,0,0,0,1,0,0,0,0,1,0,0.6144099881606027,1
0.09997814240683309,0.28333979731125447,-0.6650196787840801,0.4466623498160503,4,2,-0.10795952264402867,6,0,0,0,0,1,0,1,0,0,0,0,0,0,0,0,0,0,1,1,0,0,-0.9785102586489391,0
-0.5479839691573609,0.07791089303379009,-0.6068775757754222,0.24728278913058,18,3,-0.018029500497644388,3,1,0,0,0,0,0,0,0,0,1,0,0,0,0,0,0,0,1,1,0,0,0.4374365487400626,1
-0.8850680812029015,-0.01142210183776832,0.719810456367369,0.3116259021557484,24,5,0.29372475914486595,3,0,1,0,0,0,0,0,0,1,0,0,0,0,0,0,1,0,1,1,1,1,0.5082153050399665,1
-0.9572946840209078,-0.4950373815639622,0.6961954093952275,0.17815526256365732,7,2,-0.101816115981375,1,1,0,0,0,0,0,0,0,0,0,0,0,0,0,1,0,0,1,1,0,0,-0.4475368430457585,1
-0.5151464318142186,-0.34858103016745917,-0.583229361602477,-0.3866665033747192,2,3,-0.11386664443504182,3,0,1,0,0,0,0,0,0,0,0,0,0,0,0,1,0,1,1,0,0,0,-0.4475368430457585,1
-0.8850680812029015,-0.78058692068483,-0.8467427719868389,-1.170759391753981,2,2,-0.1254446031454276,1,1,0,0,0,0,0,0,0,0,0,1,0,0,0,0,1,1,0,0,0,0,-0.9785102586489391,1
0.3615199392262397,-0.2923990826964865,0.46810456946907797,-0.021253294567520724,4,1,-0.0370740611518708,1,1,0,0,0,0,0,0,0,0,0,0,0,0,0,1,0,0,0,1,0,0,0.08343657255742204,1
1.0499497215064957,0.2870045682713596,-0.8594789770954098,-1.1818940269057001,2,1,-0.08433103547997604,0,1,0,0,0,0,1,0,0,0,0,0,0,0,0,0,0,0,0,1,0,0,-0.4475368430457585,0
-0.8631763896408066,-1.3231411315400574,-0.8367594445449645,-1.0659082440752927,4,1,-0.13111544006480025,2,0,0,0,0,1,0,0,0,0,0,0,0,0,0,1,0,1,0,0,0,0,-0.9785102586489391,0
1.1134276373681176,0.34042953208427135,0.9642527262896783,0.4125045367724953,3,1,-0.10087097649481289,1,0,0,0,0,1,1,0,0,0,0,0,0,0,0,0,1,0,0,0,0,0,-0.9785102586489391,1
-0.25244613306908065,0.8931375120216256,0.8007052591272756,0.8732870555119964,4,3,0.24056066302574755,2,0,0,1,0,0,0,0,0,0,0,0,0,1,0,0,0,0,1,1,0,0,0.3489232803590123,1
0.14264297194755798,-0.4766126615076528,-0.037098233170897006,0.1718050409536924,7,1,-0.12922516109167603,2,1,0,0,0,0,0,1,0,0,0,0,0,0,0,0,0,1,0,0,0,0,1.1453834037637833,1
-0.394742128222697,0.6324344475752331,0.34999616740756595,0.7596789812296124,4,4,0.02436000547466602,2,0,0,0,0,1,1,0,0,0,0,0,0,0,0,0,1,0,1,1,1,0,1.3223568431843236,1
-0.8183144012754188,-1.2853839041253943,-0.6368607253018493,-0.220632855252991,4,1,-0.12922516109167603,2,1,0,0,0,0,0,0,0,0,0,0,0,0,0,1,0,0,1,0,0,0,0.6144099881606027,1
3.461111815691456,2.3163126493638155,4.280972806646656,3.3121491075326808,3,1,-0.12686231237527076,1,1,0,0,0,0,0,0,0,0,0,0,0,0,0,1,0,0,1,0,0,0,-0.4475368430457585,1
-0.2119784623530184,0.6250712839030951,1.933829507380434,1.2601576341428207,4,3,-0.0007308629370621191,1,1,0,0,0,0,0,0,0,0,0,0,0,0,0,1,0,0,0,1,1,1,0.8798966959621929,1
0.5881069365623746,2.0666711413015943,0.13643256143338015,-0.31121775164353926,2,4,-0.003512186338235052,1,0,0,1,0,0,0,0,0,1,0,0,0,0,0,0,1,0,0,1,0,0,0.968409964343243,1
-0.5370381233763135,-1.0486531488033608,-0.8594789770954098,-1.1818940269057001,1,1,-0.131446238885097,0,0,0,0,1,0,1,0,0,0,0,0,0,0,0,0,0,1,0,0,0,0,-0.9785102586489391,0
0.19297788320346942,0.004212012808552597,-0.5278069690597119,-0.8919295698296815,2,2,-0.03849177038171396,1,1,0,0,0,0,1,0,0,0,0,0,0,0,0,0,1,0,0,1,0,0,0.6144099881606027,1
-0.9365215460422777,-1.0486531488033608,-1.0539382754067395,-0.8299641653525363,4,3,-0.12955595991197277,2,1,0,0,0,0,0,0,0,0,0,1,0,0,0,0,0,1,0,0,0,0,-0.6245102824662986,0
0.5924613058694336,0.03830446926311046,-0.8594789770954098,-1.1818940269057001,4,2,-0.06070254831592342,0,0,0,1,0,0,0,0,0,1,0,0,0,0,0,0,0,0,0,1,0,0,1.1453834037637833,1
0.7479003056287602,1.787543356798893,1.1314485855404737,0.5586756195845163,5,3,0.02436000547466602,1,1,0,0,0,0,0,0,0,1,0,0,0,0,0,0,1,0,0,1,0,1,0.4374365487400626,1
0.1229484392101259,-0.4443694014091114,0.13643256143338015,0.10111170631855901,11,2,-0.06306539703232869,3,0,0,0,1,0,0,0,0,0,0,0,0,0,0,1,0,0,1,1,0,0,-0.7130235508473488,1
1.0105606560316316,1.669665494540826,0.7997765775047758,0.2687111625084978,10,3,-0.059530929779893875,1,0,0,1,0,0,0,0,0,0,0,0,0,0,0,1,0,0,0,0,1,1,-0.7130235508473488,1
-0.7712552540853683,-1.2457774803547146,-0.8594789770954098,-1.0992831530847424,2,1,-0.12591717288870866,2,0,0,0,0,1,0,0,0,0,1,0,0,0,0,0,0,0,1,0,0,0,0.6144099881606027,1
0.293687654057559,-0.1459091095480558,-0.8594789770954098,-1.1818940269057001,3,2,-0.03349584811830046,1,1,0,0,0,0,0,0,0,0,0,0,0,1,0,0,0,0,0,1,0,0,-0.9785102586489391,1
-0.70010725650856,-1.185897140171709,-0.43510464281373434,-0.6543906865930071,16,1,-0.11504806879324446,2,1,0,0,0,0,0,0,0,1,0,0,0,0,0,0,0,0,1,0,0,0,1.1453834037637833,1
-0.7493635625232734,-1.2273527602984051,-0.6786513983143473,-0.6845759865746207,9,1,-0.12591717288870866,3,0,1,0,0,0,0,0,0,0,0,0,0,0,0,1,0,1,0,0,0,0,1.1453834037637833,1
-0.243697446112696,-0.14869971495804432,-0.8594789770954098,-1.1818940269057001,10,3,0.0205794475284176,0,1,0,0,0,0,0,0,1,0,0,0,0,0,0,0,0,0,1,1,1,0,0.6144099881606027,1
-0.8073685554943714,-1.0781058034919138,-0.45782417536417963,-0.4907347470193023,13,4,-0.12050624932814061,3,0,0,1,0,0,0,0,0,1,0,0,0,0,0,0,0,1,1,0,0,0,1.5436134654661686,1
-0.18681100672506268,0.2787336172971771,0.46810456946907797,0.21550268463504854,8,4,0.12997934309798123,2,0,1,0,0,0,0,0,0,0,0,0,0,0,0,1,0,0,1,1,1,1,0.6144099881606027,1
-0.0861012358709731,-0.1459091095480558,0.6562289324269257,0.1432145454859969,3,2,-0.12166404519917919,1,0,0,0,0,1,0,0,1,0,0,0,0,0,0,0,1,1,0,0,0,0,-0.4475368430457585,0
-0.34440721696678556,-0.6138566528760011,0.638948820808266,0.12810739727233653,3,2,-0.08196818676357079,1,1,0,0,0,0,0,0,0,0,0,0,0,0,0,1,0,0,1,1,0,0,-0.4475368430457585,1
0.9251910486079153,0.18200383700155282,0.9742692209323566,0.4212614633761913,1,1,-0.12539734617109952,1,1,0,0,0,0,0,0,0,0,0,0,0,0,0,1,1,0,0,0,0,0,0.6144099881606027,1
1.0423195881335758,0.28058281365319343,-0.7776886599138066,-1.110388791790754,1,1,-0.10795952264402867,1,0,0,0,1,0,0,0,1,0,0,0,0,0,0,0,1,0,0,0,0,0,-0.9785102586489391,1
-0.608146172610855,-0.8377102772097746,0.27364527115774834,-0.1912594557511904,9,2,-0.08433103547997604,1,0,0,0,1,0,1,0,0,0,0,0,0,0,0,0,0,0,1,0,0,0,-0.4475368430457585,1
0.08903229662578564,-0.5217330525944542,-0.08708120478187655,-0.47484469477153646,10,1,-0.05125115345030237,2,0,0,0,0,1,0,0,0,1,0,0,0,0,0,0,1,0,0,0,0,0,1.1453834037637833,1
-0.6037918033037961,-0.9611357285358911,-0.37878673584927286,-0.5423774168245412,12,2,-0.041799758584681324,2,1,0,0,0,0,0,0,0,0,0,1,0,0,0,0,0,0,1,1,0,0,0.3489232803590123,1
0.3133821867949911,0.34042953208427135,2.3327645986457712,1.8321415221709747,16,2,-0.06306539703232869,2,0,0,1,0,0,0,0,0,0,1,0,0,0,0,0,0,1,0,1,0,0,-0.4475368430457585,1
0.637363242577088,0.3994020849652324,-0.2788207926273136,-0.14121159045986958,2,2,-0.05125115345030237,2,1,0,0,0,0,1,0,0,0,0,0,0,0,0,0,1,0,0,0,1,0,0.08343657255742204,1
-0.27981074752169915,-0.7483436605862888,-0.6114214822855113,-0.9650296094585458,6,2,-0.12101163904009253,1,0,0,0,0,1,0,0,0,1,0,0,0,0,0,0,1,1,0,0,0,0,-0.9785102586489391,1
-0.08717984111217117,-0.6700386003469738,-0.8867424161559441,-0.1610741557695768,3,1,-0.10323382521121814,2,0,0,0,0,1,0,0,0,0,0,0,0,0,0,1,0,0,1,0,0,0,-0.9785102586489391,1
-0.6530481093185094,-0.5143698889223159,-0.029834616194915217,0.2949529458738776,17,3,0.0021492275404565537,4,0,0,1,0,0,0,0,0,0,1,0,0,0,0,0,0,0,1,1,1,0,-0.6245102824662986,1
-0.10359860978374236,-0.6838571403892059,-0.5269114546380155,-0.8911466657955763,5,1,-0.10795952264402867,1,1,0,0,0,0,0,1,0,0,0,0,0,0,0,0,0,0,1,0,0,0,-0.9785102586489391,0
-0.4210281374341175,0.05857838567543623,0.1355370470116838,1.4047339124409233,19,4,0.02436000547466602,4,1,0,0,0,0,0,0,1,0,0,0,0,0,0,0,0,0,1,1,1,1,-0.8015368192283991,1
-0.851151938618561,-0.8082240007692942,-0.15795951289910523,-0.022036198601625954,5,2,-0.1046515344410613,3,1,0,0,0,0,0,0,0,1,0,0,0,0,0,0,0,1,1,0,0,0,0.6144099881606027,1
-0.564402737828932,-1.0716840488737474,-0.8594789770954098,-0.7727541779714379,5,1,-0.10795952264402867,2,1,0,0,0,0,0,1,0,0,0,0,0,0,0,0,0,0,1,0,0,0,-0.9785102586489391,1
1.6453398146478486,1.1915641821307534,1.5194716677414368,1.9878524356207963,8,3,-0.049360874477178164,3,1,0,0,0,0,0,1,0,0,0,0,0,0,0,0,0,0,1,1,0,0,-0.2705634036252185,1
0.09450521951630937,-0.1302749949017349,-0.8594789770954098,-1.1818940269057001,9,2,-0.11268522007683919,0,1,0,0,0,0,0,0,0,0,0,0,0,0,0,1,0,0,1,0,0,0,-0.9785102586489391,1
0.28054464945184887,0.250155128158741,-0.8594789770954098,-1.1818940269057001,1,2,0.010182913176234445,0,1,0,0,0,0,0,0,0,0,0,0,0,0,0,1,0,0,1,1,0,0,-0.18205013524416824,1
0.1229484392101259,-0.4931881852079458,0.46810456946907797,1.6843756348450354,5,1,-0.09538916747275268,3,1,0,0,0,0,0,0,0,0,0,0,0,0,0,1,0,0,1,0,0,0,1.6763568193669638,1
-0.3071753619743176,-0.498735774275995,-0.029834616194915217,-0.12610444224620906,15,2,0.062165584937150214,2,1,0,0,0,0,0,0,0,0,0,0,0,0,0,1,0,0,0,1,1,0,-0.7130235508473488,1
0.8912749060235748,1.3767191699958916,1.3250123694301068,0.7278988767340806,4,6,0.10001289230796613,1,1,0,0,0,0,0,0,0,0,0,0,0,1,0,0,1,0,1,0,1,0,0.08343657255742204,1
-0.6530481093185094,-1.1462907164010294,-1.0266748363462048,-0.07130115985884154,5,1,-0.1280437367334734,3,0,0,0,0,1,0,0,0,0,0,0,0,0,0,1,0,1,0,0,0,0,-0.4475368430457585,1
-0.7865554691734747,-1.2586546113429746,-0.4887360065131067,-0.6996831347882811,9,1,-0.11741091750964971,2,0,0,1,0,0,1,0,0,0,0,0,0,0,0,0,0,0,1,0,0,0,-0.9785102586489391,1
-0.2174513852435421,0.23357960445844791,0.10827360795114947,0.5912676245598608,14,3,-0.10441524956942078,4,1,0,0,0,0,0,1,0,0,0,0,0,0,0,0,1,1,1,0,0,0,-0.9785102586489391,1
0.9470827401700098,0.20042855705786197,-0.8594789770954098,-1.1818940269057001,1,1,-0.13111544006480025,0,0,0,0,0,1,0,0,0,0,0,0,0,1,0,0,1,0,0,0,0,0,-0.9785102586489391,1
0.50928885727038,-0.16803222231639806,1.0178840899890509,1.2371344562509843,10,1,-0.08433103547997604,3,0,0,0,0,1,0,0,0,1,0,0,0,0,0,0,0,0,0,0,1,0,-0.4475368430457585,1
0.5684124038249425,2.660801119613717,2.7834736903654806,2.495493210623782,29,7,0.9941203709360164,3,0,0,0,0,1,1,0,0,0,0,0,0,0,0,0,1,0,0,0,0,0,-0.4475368430457585,1
-0.11238724508239357,0.018030552850784684,-0.1952394466023177,1.7725538262418528,2,2,-0.016753562190785543,3,1,0,0,0,0,0,1,0,0,0,0,0,0,0,0,0,0,0,1,1,0,-0.18205013524416824,1
1.8456408027725633,1.4522672465771458,-0.8594789770954098,-1.1818940269057001,5,2,-0.09709041854856447,0,0,0,0,0,1,0,0,0,0,0,0,0,1,0,0,1,0,1,0,0,0,0.08343657255742204,1
-0.0861012358709731,-0.6691308130449294,-0.5187191560395338,-0.264330498934347,8,1,-0.1306428703215192,3,0,1,0,0,0,0,0,1,0,0,0,0,0,0,0,0,1,0,0,0,0,-0.4475368430457585,1
-0.36190459087955473,-0.9012553883528855,-0.5269114546380155,-0.8021565739189461,3,1,-0.12922516109167603,2,0,0,0,0,1,0,0,0,0,0,0,1,0,0,0,0,0,1,0,0,0,-0.9785102586489391,1
0.035381672961746616,-0.5668870654331832,-0.97032376218094,-0.4978968691090799,4,1,-0.11977376622605498,3,0,0,1,0,0,0,0,0,0,0,0,0,0,0,1,0,0,1,0,0,0,-0.4475368430457585,1
-0.012756079469501998,-0.22976175885542008,0.04465891680990271,-0.15469493771390444,6,2,-0.12213661494246024,2,1,0,0,0,0,0,1,0,0,0,0,0,0,0,0,1,0,1,0,0,0,-0.7130235508473488,1
-0.4626143617336443,-0.7464944642302721,-0.5178236416178373,-0.8593665613000445,6,3,-0.13096003550472227,2,0,0,0,0,1,0,0,0,0,0,1,0,0,0,0,0,1,0,0,0,0,-0.9785102586489391,1
-0.8850680812029015,-1.3415658515963669,-0.8594789770954098,-1.1818940269057001,2,1,-0.13040658544987865,1,0,0,0,0,1,0,0,0,0,0,0,1,0,0,0,0,1,0,0,0,0,-0.9785102586489391,0
-0.7668609364360426,-1.2420790876426817,-0.33334767074838223,-0.6988712343084684,3,1,-0.1296977308349571,2,1,0,0,0,0,0,1,0,0,0,0,0,0,0,0,0,1,0,0,0,0,-0.9785102586489391,1
0.14591873601341887,-0.47385567784959187,0.13643256143338015,0.15432018419200855,4,1,-0.0370740611518708,2,1,0,0,0,0,1,0,0,0,0,0,0,0,0,0,0,0,0,1,0,0,0.6144099881606027,1
-0.5829787169828994,0.14239741323087318,0.06376322447275871,-0.021253294567520724,14,4,0.030267127265679174,2,1,0,0,0,0,0,0,0,0,0,0,0,0,0,1,1,0,1,1,1,0,-0.3147934891449634,1
0.040854595852270345,0.08251707304786746,-0.97032376218094,-1.2788001484605054,2,2,-0.08149561702028973,1,0,0,0,0,1,0,0,1,0,0,0,0,0,0,0,1,0,0,1,0,0,0.08343657255742204,1
-0.062012385484215546,0.7531029152432887,-0.8594789770954098,-1.1818940269057001,7,3,0.0016766577971755012,0,0,0,0,0,1,0,0,0,0,0,0,0,0,0,1,1,0,0,1,1,0,0.08343657255742204,1
0.014608534983116461,0.25200432451475735,0.9106545297911101,0.9273074338652587,22,3,0.05275099852883333,5,0,1,0,0,0,0,0,0,1,0,0,0,0,0,0,0,0,1,1,1,0,0.08343657255742204,1
-0.355353062747833,-0.4305508613668793,0.5898945308197864,0.6921462591766074,6,2,0.005457215743423921,3,1,0,0,0,0,1,0,0,0,0,0,0,0,0,0,0,0,0,1,1,0,-0.18205013524416824,1
-0.43085542963170015,-0.08512098206300582,-0.04257082130348593,-0.24925234716639402,14,3,-0.0643413447905824,3,1,0,0,0,0,0,1,0,0,0,0,0,0,0,0,0,0,1,1,0,0,0.08343657255742204,1
-0.796422709713324,-0.6507060929886199,-0.8458472575651425,-0.04587127697327462,8,4,-0.11504808297033675,3,0,1,0,0,0,0,0,0,0,1,0,0,0,0,0,1,0,1,0,0,0,-0.7130235508473488,1
-0.31812120775536507,-0.8551935882121121,-0.3079084277320442,-0.6996831347882811,5,2,-0.12686231237527076,1,0,1,0,0,0,0,0,0,0,1,0,0,0,0,0,0,1,0,0,0,0,0.3489232803590123,0
-0.8183144012754188,-0.4508247777792051,-0.6577560618080983,0.1956401193253412,10,3,-0.12297343199246746,3,1,0,0,0,0,0,0,0,0,0,0,1,0,0,0,0,1,1,0,0,0,-0.2705634036252185,1
0.8661074503956192,0.6610129367136692,0.9642527262896783,0.4125045367724953,5,2,0.12832534899649756,1,0,0,0,0,1,0,0,0,0,0,0,0,1,0,0,1,0,0,1,0,0,0.6144099881606027,1
3.412934114917941,2.275764816539164,-0.8594789770954098,-1.1818940269057001,0,1,-0.12213661494246024,0,1,0,0,0,0,0,0,0,0,0,0,0,1,0,0,0,0,0,0,0,0,-0.9785102586489391,0
-0.031372006965736006,2.0639141576435334,2.5953493274076327,2.351699836359784,35,4,0.15528247566129894,3,0,0,0,0,1,0,0,0,0,0,0,0,0,0,1,1,0,0,1,0,1,-0.4475368430457585,1
-0.1638007615795031,-0.7345251205440567,-0.8594789770954098,-1.1818940269057001,1,1,-0.11741091750964971,0,0,0,0,1,0,1,0,0,0,0,0,0,0,0,0,0,0,1,0,0,0,-0.9785102586489391,1
-1.0842505157441513,-1.4806590393207317,-1.0248506403020088,0.49117189397721916,10,2,-0.008719876555007652,4,1,0,0,0,0,0,0,0,0,0,1,0,0,0,0,0,0,1,0,1,0,-0.18205013524416824,1
-0.35423450916436827,1.0386860761160843,0.7570903900705814,0.8494519771403476,25,8,0.48122697921819635,3,1,0,0,0,0,0,0,0,1,0,0,0,0,0,0,1,0,1,1,1,1,0.08343657255742204,1
-0.12001737845531345,-0.47385567784959187,-0.19613496102401407,0.8240220942547808,10,2,-0.1145754990499634,3,1,0,0,0,0,0,1,0,0,0,0,0,0,0,0,0,1,1,0,0,0,-0.9785102586489391,0
-0.8719250765971912,-0.6000381128337692,0.6380533063865697,0.8224272897408629,12,3,-0.09768113072766578,6,1,0,0,0,0,0,1,0,0,0,0,0,0,0,0,0,1,1,1,0,0,-0.09353686686311802,1
0.0518004416333178,-0.5530685253909512,-0.8594789770954098,-1.1818940269057001,0,1,0.03381140034028707,0,0,0,0,0,1,0,0,0,0,0,0,0,0,0,1,0,0,0,0,1,0,-0.9785102586489391,0
-0.45166851595259694,0.45282704877814467,-1.0639216028486138,0.15432018419200855,8,5,-0.08244075650685184,2,1,0,0,0,0,0,1,0,0,0,0,0,0,0,0,1,1,1,0,0,0,-0.5802801969465538,1
0.6406390066429489,0.7070747368544429,2.127393291270067,1.6518126263153987,3,2,-0.03754663089515185,2,0,0,0,0,1,1,0,0,0,0,0,0,0,0,0,1,0,0,1,0,0,-0.4475368430457585,1
-0.32251552540469075,-0.7004662858414263,-0.9130771735939784,-0.6488233690171475,5,2,-0.12113476708670441,2,0,1,0,0,0,0,0,0,0,0,0,0,0,0,1,0,1,1,0,0,0,0.08343657255742204,1
-0.3695746725947413,-0.9077107647229794,1.5031202377452766,0.8836097901839028,3,1,-0.12213661494246024,1,0,0,0,1,0,0,1,0,0,0,0,0,0,0,0,0,0,1,0,0,0,-0.9785102586489391,0
1.2524478684558729,0.4574332287922214,-0.8594789770954098,-1.1818940269057001,6,1,-0.06070254831592342,0,0,1,0,0,0,0,0,0,0,0,1,0,0,0,0,0,0,0,0,1,0,0.6144099881606027,1
-0.6005160392379352,-1.1020781126162724,-0.33424318517007867,-0.31121775164353926,5,1,-0.11646577802308762,3,1,0,0,0,0,0,1,0,0,0,0,0,0,0,0,0,0,1,0,0,0,-0.9785102586489391,1
-0.6836884878369889,-0.0952747511451326,0.1309931405015947,-0.015685976991661268,5,3,-0.08716645393966237,4,1,0,0,0,0,0,0,0,0,0,1,0,0,0,0,1,0,1,1,0,0,0.6144099881606027,1
-0.8369303287716529,-1.3010516405236427,-0.9403406126545127,0.34418891068538543,6,1,-0.08834787829786499,2,1,0,0,0,0,0,1,0,0,0,0,0,0,0,0,0,0,1,0,0,0,-0.4475368430457585,1
-0.10359860978374236,-0.6838571403892059,-0.21066219497597763,-0.6011822087195577,11,1,-0.11735700675333621,3,1,0,0,0,0,1,0,0,0,0,0,0,0,0,0,0,0,0,1,0,0,-0.9785102586489391,1
0.16345605826845463,-0.4590957287533879,-0.8594789770954098,-1.1818940269057001,4,1,-0.013445573987818179,0,1,0,0,0,0,1,0,0,0,0,0,0,0,0,0,0,0,0,1,0,0,1.1453834037637833,1
-0.5184221958800795,-0.5051575288941613,-0.0034998587568807627,0.37834672372894035,18,3,-0.025732387313125542,3,0,0,0,0,1,0,0,1,0,0,0,0,0,0,0,1,0,1,1,0,0,0.2604100119779621,1
1.7405766626114147,1.0644739598445319,-0.8594789770954098,-1.1818940269057001,1,3,0.5678152102478764,0,1,0,0,0,0,0,0,0,0,0,0,0,0,0,1,1,0,0,1,0,0,0.3489232803590123,1
-0.29734806977673495,-0.8469226372379294,-0.5269114546380155,-0.7552983176554616,5,1,-0.12213661494246024,2,0,1,0,0,0,0,0,0,0,0,0,1,0,0,0,0,0,1,0,0,0,0.08343657255742204,1
-0.8850680812029015,-0.020634461865923045,0.10737809352945296,0.4808201628596055,16,3,-0.04652545601749185,3,0,1,0,0,0,0,0,0,0,1,0,0,0,0,0,1,0,1,1,0,0,-0.2705634036252185,1
0.37793870789781087,-0.10078871846125438,0.13643256143338015,0.12413488421039505,6,2,-0.05455914165326974,2,0,0,1,0,0,0,0,0,1,0,0,0,0,0,0,0,0,0,1,0,0,-0.4475368430457585,1
1.754798272458323,0.8802267592814379,-0.8594789770954098,-1.1818940269057001,0,1,-0.1306428703215192,0,0,0,0,0,1,0,0,0,0,0,0,0,0,0,1,1,0,0,0,0,0,-0.9785102586489391,0
-0.21960859572593835,-0.6313735856302661,-0.09527350338035834,-0.15231722916588109,23,2,-0.10276125546793709,2,0,1,0,0,0,0,0,0,0,0,0,0,0,0,1,0,0,1,1,0,0,-0.9785102586489391,1
-0.5413924926833724,-0.35779339019561374,0.1355370470116838,-0.31200065567764446,4,3,-0.041799758584681324,1,1,0,0,0,0,0,0,0,1,0,0,0,0,0,0,0,0,1,1,0,0,-0.4475368430457585,1
-0.6190920183919025,-0.00039416720552476535,0.8270400165653102,0.955115025298849,27,3,-0.07953105480921917,4,1,0,0,0,0,0,0,1,0,0,0,0,0,0,0,1,0,1,0,0,0,-0.4475368430457585,1
-0.5512597332232219,1.2090811148850182,2.9842679240302923,2.75765007626621,35,4,0.02436000547466602,5,0,0,1,0,0,0,0,0,0,0,0,0,0,1,0,1,0,1,1,1,0,-0.18205013524416824,1
0.28054464945184887,0.08897244941796144,-0.1952394466023177,0.8971221338836453,4,2,-0.10087097649481289,3,1,0,0,0,0,0,1,0,0,0,0,0,0,0,0,0,0,1,0,0,0,2.2073302349701445,1
1.5654431301146559,0.7208596551447471,1.5194716677414368,0.8979050379177504,5,1,-0.09378243034559709,1,1,0,0,0,0,0,0,0,0,0,0,0,0,0,1,0,0,0,1,0,0,-0.4475368430457585,1
-0.058736621418354645,-0.6460999129745427,-1.4946640396845747,-1.737204958651983,3,1,-0.013445573987818179,1,0,0,1,0,0,1,0,0,0,0,0,0,0,0,0,0,0,0,0,0,1,1.1453834037637833,1
-0.7176046304213293,-0.8487382118420183,0.17915191606837802,0.01768893201778846,12,2,-0.09614527906200236,3,1,0,0,0,0,0,0,0,1,0,0,0,0,0,0,0,0,1,0,0,0,0.3489232803590123,1
0.39875179421870754,-0.26106360989998956,0.13643256143338015,0.15829269725395,5,1,-0.11882862673949288,2,0,1,0,0,0,0,0,0,0,0,1,0,0,0,0,0,0,1,0,0,0,-0.4475368430457585,1
-0.5195008011212776,0.5228275362913489,0.7997765775047758,0.2687111625084978,9,2,0.21338790278708702,1,1,0,0,0,0,0,0,0,0,0,0,0,1,0,0,1,0,0,1,0,0,0.08343657255742204,1
-0.055460857352493564,0.2253086534842654,0.6607728389370148,0.1884779972355635,9,2,-0.06731852472185816,2,0,0,0,0,1,1,0,0,0,0,0,0,0,0,0,0,0,0,1,1,0,0.08343657255742204,1
-0.5862944293910268,-0.4167323213246472,-0.33424318517007867,0.132079910334278,5,2,-0.11504806879324446,2,1,0,0,0,0,0,0,0,0,0,1,0,0,0,0,0,0,1,1,0,0,0.08343657255742204,1
2.350188365599676,2.816469831038375,3.0678824372560918,2.313569510254288,11,4,-0.017226131934066597,2,0,0,1,0,0,1,0,0,0,0,0,0,0,0,0,1,0,1,0,1,0,-0.2705634036252185,1
0.3669928621167634,0.4242821813916358,0.18004743049007438,-0.15469493771390444,6,2,-0.09964229516228215,2,1,0,0,0,0,0,1,0,0,0,0,0,0,0,0,1,0,0,0,0,0,-0.7130235508473488,1
-0.8850680812029015,-1.3415658515963669,0.27185424231435557,-0.19282526381940085,3,1,-0.13040658544987865,1,1,0,0,0,0,0,0,0,0,0,0,0,0,0,1,0,1,0,0,0,0,0.08343657255742204,0
-0.719801789245992,0.45282704877814467,0.9715163432656602,0.9026604550137971,21,4,0.019662662226452358,3,1,0,0,0,0,0,0,1,0,0,0,0,0,0,0,0,1,1,1,1,0,-0.6245102824662986,1
-0.8850680812029015,-0.8100731971253107,-0.9149013696381748,-1.2303470876831026,1,2,-0.1296977308349571,1,0,0,0,0,1,0,1,0,0,0,0,0,0,0,0,0,1,0,0,0,0,-0.9785102586489391,0
-0.17147084329468965,-0.2315773334595089,-0.16887152196347976,-0.506624799267068,8,3,-0.11574655522799845,2,0,0,0,0,1,0,0,0,0,0,0,0,0,0,1,0,1,1,0,0,0,3.534763773978096,0
-0.9803049291664673,-1.0560163124754989,-0.5605098290520317,-0.9205200652973771,3,4,-0.1313058856713425,1,0,0,0,0,1,1,0,0,0,0,0,0,0,0,0,0,1,0,0,0,0,-0.9785102586489391,1
-0.41008229165307003,-0.9418032211775372,-0.13344895150526714,1.0726666161974667,5,1,-0.12686231237527076,3,1,0,0,0,0,0,0,0,0,0,0,0,0,0,1,1,0,0,0,0,0,-0.4475368430457585,1
0.7446245415628995,0.03003351828892794,-0.8594789770954098,-1.1818940269057001,0,1,-0.11268522007683919,0,1,0,0,0,0,1,0,0,0,0,0,0,0,0,0,0,0,0,1,0,0,1.6763568193669638,1
-0.22727867744112482,0.931802526738333,0.9997084639486945,0.952708320305118,25,3,0.029558272650757597,3,1,0,0,0,0,0,0,0,0,0,0,0,0,0,1,0,0,1,1,0,1,0.3489232803590123,1
1.6168965949540324,0.7641644716274597,1.1323772671629735,0.5594875200643291,10,1,-0.026677526799687646,1,1,0,0,0,0,0,0,0,0,0,0,0,0,0,1,0,0,0,0,0,0,3.269277066176506,1
-0.2818174400768628,-0.8338515822348611,-0.132930353450198,-0.4601835287262336,14,1,-0.11726142004474936,2,0,0,0,0,0,0,0,0,1,0,0,0,0,0,0,0,0,1,0,0,0,-0.8441314827061082,0
-0.39515747441892496,-0.9292420365541052,-0.5855330377743946,-0.04735866451988944,4,1,-0.11341212267693376,3,1,0,0,0,0,0,0,0,0,0,0,0,0,0,0,0,0,1,0,0,0,-0.5205568084759308,1
-0.15840443441573715,-0.39432052056466793,-0.21659776191140354,-0.43780229393980485,6,2,-0.11953776595737946,2,0,0,0,0,0,0,0,0,0,0,0,0,0,0,1,0,0,1,0,0,0,3.082020860566923,0
-0.2220936078124216,-0.19576967842966814,0.5500201668161601,0.05036146680917013,3,2,-0.12260246787321177,1,0,0,0,0,1,0,0,1,0,0,0,0,0,0,0,0,1,0,0,0,0,-0.5077882661993942,0
0.6087016943932522,-0.08436332497253607,-0.8594789770954098,-1.1818940269057001,2,1,-0.03626299064158797,0,1,0,0,0,0,1,0,0,0,0,0,0,0,0,0,0,0,0,0,0,0,0.5344386147219058,0
0.6292768716305096,0.603305752712811,-0.8594789770954098,-1.1818940269057001,3,2,-0.0896712471090217,0,0,0,0,0,0,0,0,0,0,0,0,0,0,0,1,1,0,0,0,0,0,0.10514424907113726,1
0.9498189571384494,0.2027314413056975,-0.8594789770954098,-1.1818940269057001,0,1,-0.1118655765465322,0,0,0,0,0,1,0,0,0,0,0,0,0,0,0,1,0,0,1,0,0,0,-0.8415501115547789,0
0.2397784469086232,0.5456738863658073,-0.8594789770954098,-1.1818940269057001,2,2,-0.03125885222978521,0,0,0,0,0,0,0,0,0,0,0,0,0,0,0,1,1,0,0,1,0,0,-0.0369290670481964,1
-0.5430856029961809,-0.7448558261326623,-0.4671846891761024,0.21115850198087016,8,2,-0.07209410566117021,3,1,0,0,0,0,0,0,0,0,0,0,0,0,0,0,0,0,1,0,0,0,-0.5445869957013533,0
0.2017013250119024,-0.41871203697118076,-0.8594789770954098,-1.1818940269057001,3,1,-0.12592455235302963,0,0,0,0,0,1,0,0,0,0,0,0,0,0,0,0,1,0,0,0,0,0,-0.9785102586489391,0
0.6844009051825874,-0.020652543952213956,0.448436035743565,-0.03844852227749945,2,1,-0.09544468075191072,1,0,0,0,0,0,0,0,0,0,0,0,0,0,0,0,0,0,0,0,0,0,0.8641530270978945,1
-0.797196644970045,-1.2676105517537768,-0.8594789770954098,-1.1192627821716292,1,1,-0.12725439016647497,1,0,0,0,0,1,0,0,0,0,1,0,0,0,0,0,0,0,0,0,0,0,0.35757571421886897,0
-0.34640554543725044,0.03484049390606487,-0.39954920080171025,0.24283810649719756,5,2,-0.12548584892701983,2,1,0,0,0,0,0,0,0,0,0,0,0,0,0,0,1,0,0,0,0,0,0.22533554379899196,1
-0.8705996140379106,-1.3293887452086433,-0.7001013029964951,-1.0425579972726042,3,1,-0.13149349585942507,1,0,0,0,0,1,0,1,0,0,0,0,0,0,0,0,0,1,0,0,0,0,-0.9785102586489391,0
0.0012520362435161636,-0.3137065378389272,0.21399495817405867,0.2299045138743987,3,2,-0.06633835712549675,3,1,0,0,0,0,0,0,0,0,1,0,0,0,0,0,0,0,0,1,0,0,-0.47397452520595207,1
2.709290255073753,2.4656074544955384,2.710183404195206,2.101530772234371,1,1,-0.08956590375111884,1,0,0,0,0,0,1,0,0,0,0,0,0,0,0,0,1,0,0,0,0,0,-0.718765589212763,0
1.139150924803293,0.36207904092084386,-0.8594789770954098,-1.1818940269057001,0,1,-0.10335254163237259,0,0,0,0,0,1,0,0,0,0,0,0,0,0,0,1,0,0,1,0,0,0,-0.2675210369013973,0
-0.34918166809550977,0.06252487728609986,-0.8594789770954098,-1.1818940269057001,0,2,-0.05419168876975286,0,1,0,0,0,0,0,0,0,0,0,0,0,0,0,0,1,0,1,0,0,0,-0.4475368430457585,1
0.15128936019328254,0.02567106988286065,-0.6490761832191376,-0.9979492549156433,2,2,-0.050276730339750796,1,0,0,0,0,0,0,0,0,0,0,0,0,0,0,0,1,0,0,1,0,0,0.4688997389436788,1
0.14488276217515933,0.7959615281419297,1.3709097843285638,0.7830642246589822,15,2,-0.055442612539076896,1,0,0,0,0,0,0,0,0,0,0,0,0,0,0,0,0,0,1,1,0,0,-0.4475368430457585,1
-0.9113925857550351,0.020077366721420464,0.06831984406299496,-0.000845533645369434,4,7,-0.02947592671938734,2,0,0,0,0,0,0,0,0,0,0,0,0,0,0,0,1,1,0,0,0,0,-0.5074909500216775,1
1.27997108611612,0.4805976141938946,-0.8594789770954098,-1.1818940269057001,0,1,-0.12227034598886966,0,0,0,0,0,0,0,0,0,0,0,0,0,0,0,0,1,0,0,0,0,0,-0.5644170763195216,1
-0.8509763035119294,-0.7501113041666426,-0.2350339992381828,-0.20795783177621685,10,2,0.04863238389078148,2,0,0,0,0,0,0,0,0,0,0,0,0,0,0,0,0,0,1,1,0,0,-0.23784435204908438,1
-0.5976184877830428,1.18018566102996,0.5699607718972345,0.5267426530170796,15,6,-0.007624811692132264,3,0,0,0,0,0,0,0,0,0,0,0,0,0,0,0,0,0,1,1,0,0,-0.749413231323067,1
0.9297997604365325,0.1858826704403311,-0.8594789770954098,-1.1818940269057001,0,1,-0.12820143086860902,0,0,0,0,0,1,0,0,0,0,0,0,0,0,0,0,0,0,1,0,0,0,0.08343657255742204,0
-0.5704609144131083,-1.0767827963733883,-0.7345467830572213,-1.0178705682259872,2,1,-0.130400458818694,1,1,0,0,0,0,0,0,0,0,0,0,0,0,0,1,0,0,0,0,0,0,-0.9246452296325262,0
-1.0105868258253476,-1.2433142085203204,-1.0261911832247361,-0.5833442138106685,9,1,0.03519007284457608,2,0,0,0,0,0,0,0,0,0,0,0,0,0,0,1,0,0,1,0,0,0,-0.4475368430457585,0
-0.753857280680843,0.0006030946585453265,-0.07357735131014934,-0.11644971905206121,7,4,-0.12290381422750024,3,0,0,0,0,0,0,0,0,0,0,0,0,0,0,1,0,0,0,0,0,0,-0.968743478828218,1
1.1204944705561712,0.3463771959642054,-0.792077567103667,-1.1229683027538135,1,1,-0.07583868823360565,1,0,0,0,0,0,0,0,0,0,0,0,0,0,0,1,0,0,0,0,0,0,0.5605312964585011,1
-0.679502822361894,0.09631499884302866,0.2836811231415167,0.8455118059133796,25,3,0.014265089739036257,4,1,0,0,0,0,0,0,0,0,0,0,0,0,0,0,1,0,1,0,0,0,-0.0544592900432872,1
-0.6204382785349075,-1.1188452811514389,-0.7199085532383398,-1.059874497982327,2,1,-0.13149277827401143,1,1,0,0,0,0,0,0,0,0,0,0,0,0,0,0,0,1,0,0,0,0,-0.9758226921857506,0
-0.892462122556817,-1.3477889039194022,-0.82648786336198,-1.1530515254275002,1,1,-0.11164518409345951,1,0,1,0,0,0,0,0,0,0,0,1,0,0,0,0,0,0,0,0,0,0,-0.5329216433633996,0
0.42042472545290965,0.45341382438976147,-0.8594789770954098,-1.1818940269057001,3,2,-0.09290094235562531,0,0,0,0,0,1,0,0,0,0,0,0,0,0,0,1,0,0,0,0,0,0,1.7607091010017188,1
-0.427512633725818,0.20717042105638733,0.8828686854730493,0.6903373998514056,13,4,0.014039783798431349,3,0,0,0,0,0,0,0,0,0,0,0,0,0,0,0,0,0,1,1,1,0,-0.26384786486659495,1
-0.19734789537931802,-0.7627594188028248,-0.46150642709034284,-0.20038252109563975,5,1,-0.12192813502780926,4,1,0,0,0,0,0,0,0,0,0,0,0,0,0,0,0,0,1,0,0,0,-0.9785102586489391,0
0.017746118092914293,0.5319480710945589,1.3868299729990403,0.9938529944553963,15,4,0.0593418822188852,2,0,0,0,0,0,0,0,0,0,0,0,0,0,0,0,0,0,1,1,1,0,-0.38799632241613846,1
-1.1695718740983962,-1.279526355724849,-1.0830049865681053,-0.7475885317743527,9,2,0.11130252030028673,2,0,0,0,0,0,0,0,0,0,0,0,0,0,0,1,0,0,1,1,0,0,-0.5239494340070915,0
-0.4747275739475605,-0.14397530657300847,0.42691492427328287,0.44811157769091814,28,2,-0.08179101324707878,3,0,0,0,0,0,0,0,0,0,0,0,0,0,0,0,0,0,0,0,0,0,-0.19559092637193098,1
-0.9609312870194388,-0.197962265126736,-0.15391822486155643,-0.17623430391292375,4,7,-0.05341747572408323,2,0,0,0,0,0,0,0,0,0,0,0,0,0,0,0,1,1,0,0,0,0,-0.620315432213629,1
0.8546695556534379,1.4432173148280232,-0.21642803619145862,-0.4845757035975505,2,2,-0.04419576841673964,1,0,0,0,0,0,1,0,0,0,0,0,0,0,0,0,1,0,0,0,0,0,0.28162011810438947,1
-0.11743390222815708,-0.24302146710009198,0.3968727610227496,-0.030388442734167742,14,1,-0.10118477419641406,1,0,0,0,0,0,0,0,0,0,0,0,0,0,0,0,0,0,1,0,0,0,-0.7924746423410544,0
0.108016001311392,0.7784047616767781,1.469183741250454,1.0475435374004423,16,4,0.06780887650019865,2,0,0,0,0,0,0,0,0,0,0,0,0,0,0,0,0,0,1,1,0,0,-0.5009117521397193,1
-0.4556726864016436,-0.9801734977784345,-0.8594789770954098,-1.1818940269057001,3,1,-0.12946786377305858,0,0,0,0,0,1,0,0,0,0,0,0,0,0,0,0,1,0,0,0,0,0,-0.9785102586489391,0
2.0322700418062443,1.828838711665477,-0.8594789770954098,-1.1818940269057001,4,2,-0.08500752990989402,0,0,0,0,0,1,0,0,0,0,0,0,0,0,0,0,1,0,0,0,0,0,0.08343657255742204,1
0.8035746570872746,0.07964774625952228,-0.8594789770954098,-1.1818940269057001,0,1,-0.1133492379916057,0,1,0,0,0,0,1,0,0,0,0,0,0,0,0,0,0,0,0,0,0,0,1.477401573648895,1
-0.5095187717571965,0.20880734095717074,-0.8594789770954098,-1.1818940269057001,0,3,-0.04174041123198093,0,0,0,0,0,0,0,0,0,0,0,0,0,0,0,0,1,0,1,0,0,0,-0.6427841589674925,1
3.188285979011964,2.0866940449407676,1.0914067357800263,0.5236690077969519,3,1,-0.04864082364473471,1,0,0,0,0,0,0,0,0,0,0,0,0,0,0,0,1,0,0,0,0,0,0.8637525897757506,1
0.5171365125567668,0.06736429525925589,-0.8594789770954098,-1.1818940269057001,2,2,-0.07776219369272722,0,1,0,0,0,0,0,0,0,0,0,0,0,0,0,1,0,0,0,1,0,0,0.4848579738438087,1
0.8567132367207535,0.6428642880581481,0.9504206467518932,0.4073159121399079,5,2,0.18635784721080118,1,0,0,0,0,1,0,0,0,0,0,0,0,0,0,0,1,0,0,0,0,0,0.5929139712681092,1
-0.9993870959572444,-0.92791756879387,-0.691048190942859,-0.8736215272699084,3,1,-0.13120721331161803,1,0,0,0,0,1,0,0,0,0,0,0,0,0,0,0,0,1,0,0,0,0,-0.9785102586489391,1
-0.6069154966284445,-0.40139604558636555,-0.8178877313283175,-1.145532854706109,3,3,0.09614564317596494,0,1,0,0,0,0,0,0,0,0,0,0,0,0,0,0,1,0,0,0,0,0,-0.1317523837592539,1
-1.1503334423963152,-1.1294968777443946,-0.9501996980828683,-0.5493555097353866,11,2,-0.04908428294928123,2,1,0,0,0,0,0,0,0,0,0,0,0,0,0,0,0,0,0,0,0,0,-0.21034680290005137,0
-1.453088547434116,-1.8196293236162973,-0.8594789770954098,-1.1818940269057001,3,1,-0.0991768591979516,0,0,0,0,0,1,0,0,0,0,0,0,0,0,0,0,1,0,0,0,0,0,-0.9785102586489391,0
-0.3877895840197383,0.3790227606419464,-0.8594789770954098,-1.1818940269057001,0,3,0.01624731347636125,0,1,0,0,0,0,0,0,0,0,0,0,0,0,0,1,0,0,0,0,0,0,0.21267936062489856,1
0.1757235843337588,0.7573227154937726,1.4628607672608474,0.9102573406622376,15,2,-0.0067176225827496605,1,0,0,0,0,0,0,0,0,0,0,0,0,0,0,0,0,0,1,1,0,0,-0.4475368430457585,1
-0.7824431536394182,0.4118743684152995,0.19962909532562811,0.29454596649555104,5,3,-0.10217697711112628,1,0,0,0,0,0,0,0,0,0,0,0,0,0,0,0,1,0,0,0,0,0,0.21419347362342386,1
-0.8513080281650645,-0.9828652236135456,-0.5494300784039771,-0.8232015081035733,3,5,-0.1304625322672431,1,0,0,0,0,0,0,0,1,0,0,0,0,0,0,0,1,1,0,0,0,0,-0.5512056791494564,1
-0.31737416964571075,-0.33653083886185664,-0.42138900139913704,-0.06040748385338379,7,2,-0.10400239360575322,2,0,1,0,0,0,0,0,0,0,0,0,0,0,0,0,0,0,1,0,0,0,0.5851555992561202,1
3.5995241163718115,2.4328046931673617,-0.8594789770954098,-1.1818940269057001,0,1,-0.04387176555271005,0,0,0,0,0,0,0,0,0,0,0,0,0,0,0,1,0,0,0,0,0,0,1.9091649143857539,1
-0.8637087072779582,-1.3235891464144556,-0.8373118919357995,-1.068728550477123,3,1,-0.13112463285681156,1,0,0,0,0,1,0,0,0,0,0,0,0,0,0,1,0,1,0,0,0,0,-0.9785102586489391,0
-0.05366562485537901,-0.5102250252572017,-0.8594789770954098,-1.1818940269057001,0,2,-0.1265053435886746,0,0,0,0,0,1,0,0,0,0,0,0,0,0,0,0,1,0,0,0,0,0,-0.6357816290138834,0
5.436425737353868,4.137373081132196,4.215898870993819,3.8436192182541835,6,1,-0.10483453317245033,2,1,0,0,0,0,0,0,0,0,0,0,0,0,0,0,0,0,0,0,0,0,-0.9785102586489391,0
0.12238632367198515,-0.4558176126151582,-0.8594789770954098,-1.1818940269057001,0,2,-0.12458317718320913,0,0,0,0,0,0,1,0,0,0,0,0,0,0,0,0,1,0,0,0,0,0,-0.47915175188174025,0
-0.6740033687835493,-0.7184368093210256,-0.12652810390108038,-0.3338327094860882,12,2,-0.12135923775164047,2,1,0,0,0,0,0,0,0,1,0,0,0,0,0,0,0,0,0,0,0,0,0.6388726889912377,1
2.6712753737197614,3.60161214338219,3.6317314298309764,3.150106679637646,2,2,-0.023959967696809276,1,0,0,0,0,0,1,0,0,0,0,0,0,0,0,0,1,0,0,0,0,0,-0.2856301453050707,0
0.23077434915687034,0.18817031431752962,-0.8594789770954098,-1.1818940269057001,1,1,-0.0963148033037943,0,1,0,0,0,0,0,0,0,0,0,0,0,0,0,1,0,0,0,1,0,0,0.08343657255742204,1
-1.263879352712033,-0.22637352313987238,0.35947958912613825,0.4527334457177245,4,2,-0.11869560649512086,2,1,0,0,0,0,0,0,0,0,0,0,0,0,0,0,0,0,1,0,0,0,-0.4434333168097579,0
-0.7794135211291078,-1.2526437284926968,-0.8516618470927655,-1.0983706885520568,2,1,-0.12581554945328086,1,0,0,0,0,0,0,0,0,0,0,0,0,0,0,0,0,0,0,0,0,0,0.6905318634768848,1
-0.08501164131287327,0.6582372230634058,-1.0609829950109542,0.6018923335770561,5,2,-0.06088002252895915,2,1,0,0,0,0,0,0,0,0,0,0,0,0,0,0,1,0,0,0,0,0,0.04530426449501501,1
-0.6155840740218962,-1.1147598335287814,-0.8560250443011288,-0.9588355895614978,3,1,-0.13081603951632056,2,1,0,0,0,0,0,0,0,0,0,0,0,0,0,0,0,0,0,0,0,0,-0.9785102586489391,0
1.395441457060902,0.5777810252346186,-0.21940449593988032,-0.6223085179697112,1,1,-0.08536256136522548,0,1,0,0,0,0,0,0,0,0,0,0,0,0,0,1,0,0,0,0,0,0,0.08343657255742204,1
-0.7331998059622392,-0.19402302967140395,0.23499483435090196,0.11853373676375373,7,5,0.0782034155927623,2,1,0,0,0,0,0,0,0,0,0,0,0,0,0,1,0,0,1,1,1,1,0.12246060830335567,1
-0.16019037072421077,-0.3720765383427431,-0.21007446805311777,-0.4472090569029682,7,2,-0.11901957760452736,2,0,0,0,0,0,0,0,0,0,0,0,0,0,0,1,0,0,1,0,0,0,3.1439024391211956,0
-0.7009116215206854,0.15678672885743494,0.2158526993754719,0.40160748452710887,9,4,0.023450077800948377,3,0,0,0,0,0,0,0,0,0,0,0,0,0,0,0,0,0,1,1,1,0,0.358814167789614,1
1.288297480901417,0.9087916311212108,0.9666149301008784,0.5457957506402488,6,2,-0.07454367740887957,2,1,0,0,0,0,0,0,0,0,0,0,0,0,0,0,1,0,0,0,0,0,-0.48705807803713486,1
1.7138858625925688,1.101460233262615,1.3056527507482456,0.7109737181910648,5,2,0.008888611710731006,1,0,0,0,0,0,0,0,0,0,0,0,0,0,0,0,1,0,0,1,0,0,0.6144099881606027,1
-0.8023009131164269,-0.5450284094344783,-0.10759274302342049,-0.39741650175025267,6,2,-0.11172405435136583,2,1,0,0,0,0,0,0,0,0,0,0,0,0,0,1,1,0,1,0,0,0,-0.9785102586489391,1
-0.6000697103665484,-0.5796010255690602,-0.8594789770954098,-1.1818940269057001,4,2,-0.11212187816387298,0,1,0,0,0,0,1,0,0,0,0,0,0,0,0,0,0,0,0,0,0,0,-0.6828635905092659,0
0.38914404957780013,0.43504302876475,0.2391085035619086,-0.10919961806100509,6,2,-0.07467854335225671,2,1,0,0,0,0,0,0,0,0,0,0,0,0,0,0,0,0,0,0,0,0,-0.7299736096642521,1
-0.7585633369666531,-1.2350955730554583,-0.7247528159510699,-0.9728312389076941,2,1,-0.1300857540741112,1,0,0,0,0,1,0,1,0,0,0,0,0,0,0,0,0,1,0,0,0,0,-0.9785102586489391,0
-1.0948751973998334,-0.9545567873037442,-1.0856832553256046,-1.0743064236913225,9,2,-0.005152424910451675,0,0,0,0,0,1,0,0,0,0,0,0,0,0,0,0,0,0,1,1,0,0,-0.29619317975321063,0
-0.7990265503349266,-1.2691506563172752,-0.7353003419780791,-0.2421769743120299,5,1,-0.1298488418832387,4,1,0,0,0,0,0,0,0,0,0,0,0,0,0,0,0,0,0,0,0,0,-0.49913497785956473,0
-0.5911108724440269,-0.9551424628465888,-0.8594789770954098,-1.1818940269057001,3,1,-0.12845760010226587,0,1,0,0,0,0,0,0,0,0,0,0,0,0,0,0,0,1,0,0,0,0,-0.6519577708678413,1
-0.023786860374275576,0.31550525700353105,-0.8592078108438405,-1.181656959643439,2,2,-0.11276101249312026,0,0,0,0,0,1,0,0,0,0,0,0,0,0,0,1,0,0,0,0,0,0,-0.452817984227999,1
0.2509764144092246,0.25935688184101224,-0.8594789770954098,-1.1818940269057001,4,1,-0.0748731325911788,0,0,0,0,0,0,0,0,0,0,0,0,0,0,0,0,0,0,0,0,0,0,3.4283460415719604,0
-0.8850680812029015,-0.821850763877641,-0.6270295593242288,-0.9786749804120248,1,2,-0.12077833507859204,1,1,0,0,0,0,0,0,0,0,0,0,0,0,0,0,0,1,0,0,0,0,-0.594879034130142,1
3.224333763433443,2.1170329675741355,1.0836372709896065,0.5168765484240078,3,1,-0.0398818345884458,1,0,0,0,0,0,0,0,0,0,0,0,0,0,0,0,1,0,0,0,0,0,1.0151601260771053,1
0.7128264234299383,0.7618840412092731,-0.2571538847672898,-0.26045040962378174,2,2,-0.04880105529513661,1,0,0,0,0,0,1,0,0,0,0,0,0,0,0,0,1,0,0,0,0,0,0.15225905878871393,1
1.0355729532922568,0.27490463853726604,-0.8594789770954098,-1.1818940269057001,0,1,-0.13029196869033777,0,0,0,0,0,1,0,0,0,0,0,0,0,0,0,0,1,0,0,0,0,0,-0.9785102586489391,0
-0.07089413983152382,0.06493730270281561,-0.1597637180208284,0.2911441065053127,5,2,0.5884113463753464,2,0,0,0,0,0,0,0,0,0,0,0,0,0,0,0,1,0,0,0,0,0,0.1909502382373387,1
-1.3933079599799663,-1.7693161449603563,-0.8594789770954098,-1.1818940269057001,2,1,-0.1056474203166042,0,0,0,0,0,1,0,0,0,0,0,0,0,0,0,0,0,0,0,0,0,0,-0.9785102586489391,0
-0.560372366089151,-1.0682919642183568,-0.7034848257949883,-1.0455160441607931,3,1,-0.13085423744121696,0,0,0,0,0,1,0,0,0,0,0,1,0,0,0,0,0,0,0,0,0,0,-0.9785102586489391,1
1.275156829314922,0.5641715926005136,-0.21117329783207345,-0.5134939415406972,1,1,-0.07802472499293198,1,1,0,0,0,0,0,0,0,0,0,0,0,0,0,0,1,0,0,0,0,0,0.08343657255742204,1
-0.4032185973282009,-0.6907983966837964,-0.08453056839516848,-0.2231677265008416,15,1,-0.10478856961588982,1,0,0,0,0,0,0,0,0,0,0,0,0,0,0,0,0,0,1,0,0,0,-0.017388166847066455,1
-0.3488970182041943,-0.6886916900480924,-0.8092141043557175,0.38881057235701355,3,2,-0.10918877907302119,4,0,0,0,0,0,0,1,0,0,0,0,0,0,0,0,0,0,1,0,0,0,-0.7483140833632157,0
-0.3614930217259762,-0.9009089991112416,-0.04642700971239805,-0.47108284421635693,5,1,-0.12306446751566971,1,1,0,0,0,0,0,0,0,0,0,0,0,0,0,0,0,0,0,0,0,0,-0.9785102586489391,0
0.09140226545767355,-0.125860533790236,0.06739700681448374,0.15087429663000615,4,2,-0.09203643179160359,3,1,0,0,0,0,0,0,0,0,0,0,0,0,0,0,0,0,0,1,0,0,-0.7190460631116746,1
-0.29318944550040904,-0.23960814098749444,-0.5268011440523572,-0.8910502266981994,4,2,0.07450291366265643,0,1,0,0,0,0,0,0,0,0,0,0,0,0,0,0,0,0,1,0,0,0,-0.7138286630164722,0
0.17184165232096194,0.22305648531176747,0.10087146627286192,-0.22840639232242888,5,2,-0.101129280851992,2,1,0,0,0,0,0,0,0,0,0,0,0,0,0,0,1,0,0,0,0,0,-0.7665734997311686,1
-0.5828037563345307,-0.8145430541138491,-0.11191711234928459,0.1769756025807303,11,2,0.048932268507433395,2,0,0,0,0,0,0,0,0,0,0,0,0,0,0,1,0,0,1,1,0,0,-0.5271637035881074,1
-0.3365023966785663,-0.37095708320405585,0.0948179208166442,-0.3475993768048243,1,2,-0.11888014541835897,1,0,0,0,0,0,0,0,0,0,0,0,0,0,0,1,0,1,0,0,0,0,0.004312739984742436,1
0.0061753004812069995,-0.267601451842597,0.27307851264110483,0.7995203853221824,13,2,0.019534895185631482,3,0,0,0,0,0,0,0,0,0,0,0,0,0,0,0,0,0,1,1,0,0,-0.34469313094525,1
3.1290513484573808,2.0510267058743303,1.1195331908961705,0.5482585784861611,4,1,-0.03390776814044707,1,0,0,0,0,0,0,0,0,0,0,0,0,0,0,1,1,0,0,0,0,0,1.0869791644105522,1
-0.5633755673028761,-1.0611715236782553,-0.8594789770954098,-1.1818940269057001,5,1,-0.066728346164206,0,0,0,0,0,1,0,0,0,0,0,0,0,0,0,0,0,0,0,0,0,0,0.704143209605999,1
-0.4881794671384199,-0.6446545517524046,-0.2832953355863267,-0.3129818259350113,12,2,-0.11912741478959003,2,1,0,0,0,0,0,0,0,0,0,0,0,0,0,0,1,0,0,0,0,0,0.01613629854392662,0
-0.7660624736667544,-1.241407076850012,-0.9854489247503725,-1.292023331142114,2,1,-0.13139134591070267,1,0,0,0,0,1,0,0,0,0,0,0,0,0,0,0,0,1,0,0,0,0,-0.9785102586489391,0
0.2506811101297622,0.7000913206944486,-0.5461295231429895,0.25302360806745416,6,2,-0.06229476654241979,2,1,0,0,0,0,0,0,0,0,0,0,0,0,0,0,1,0,0,0,0,0,-0.48910151688439557,1
-0.7723148650277037,-0.9573417569548169,-0.4761352136147063,-0.846755505842457,2,5,-0.12851501761697864,1,0,0,0,0,0,0,0,0,0,0,0,0,0,0,0,1,0,0,0,0,0,-0.4475368430457585,1
-0.07225605733401885,-0.6574782855118494,-0.2544661604634907,0.04242643864789086,1,1,-0.10630220752203856,2,1,0,0,0,0,0,0,0,0,0,0,0,0,0,0,0,0,0,0,0,0,1.749422970629869,1
-0.19623274285173958,-0.04722631377940911,0.8641962306137974,0.3250300838712329,3,2,0.0509531823885675,1,1,0,0,0,0,0,0,0,0,0,0,0,0,0,1,0,0,1,1,0,0,-0.38682595793231894,1
-0.8088549671288866,-1.2774225537863129,-0.819639168024443,-1.1470640493152133,2,1,-0.1311563368421017,0,1,0,0,0,0,0,0,0,0,0,0,0,0,0,1,0,1,0,0,0,0,-0.5996826303995259,0
-0.384069284844635,-0.42744102801430206,-0.43433397255469336,-0.35472553231202597,0,2,0.13524065946118896,2,0,0,0,0,1,0,0,0,0,0,0,0,0,0,0,0,0,1,0,0,0,-0.7612535974620502,1
-0.16073607744510765,-0.5220909370180231,-0.6088712187335925,-0.962800039979311,2,1,-0.12476332436574201,1,0,0,0,0,1,1,0,0,0,0,0,0,0,0,0,0,0,0,0,0,0,-0.9623154367620513,0
0.6170075201156565,-0.07737288691809319,0.3504493432128434,-0.12411344850572495,2,1,-0.06158502951438485,1,0,0,0,0,1,0,0,0,0,0,0,0,0,0,0,0,0,0,0,0,0,-0.4475368430457585,1
-0.8913774947221192,-1.093784351873967,-0.5533351524588228,-0.8839497154566749,4,1,-0.1312913530688227,1,0,0,0,0,0,0,0,0,0,0,0,0,0,0,0,0,1,0,0,0,0,-0.9785102586489391,0
-3.1787847611351694,-3.2544441954841883,-2.1059570358281716,-1.8700844776089518,5,1,-0.13126693159186037,1,0,1,0,0,0,0,0,0,0,0,0,0,0,0,0,0,1,0,0,0,0,-0.9785102586489391,0
-1.1026530978644142,-0.19759690182471443,0.2961467618748897,0.42161477563127037,4,2,-0.11915773691264553,3,1,0,0,0,0,0,0,1,0,0,0,0,0,0,0,0,0,1,0,0,0,-0.515002597436821,0
-0.8850680812029015,-1.3415658515963669,-0.07024189384148255,-0.4919030213175702,3,1,-0.13023725541491865,1,1,0,0,0,0,0,0,0,0,0,0,0,0,0,1,0,1,0,0,0,0,0.3371127005935631,0
-0.874439440538882,-1.1602546135633918,-0.6471782123694375,-0.8084947111620338,5,1,-0.12191649708648045,2,1,0,0,0,0,0,0,0,0,0,0,0,0,0,0,0,0,0,0,0,0,1.51176532992973,1
-0.675649426007558,-0.8337668824414163,-0.8516336125205536,-1.1750352120995173,2,1,-0.08646592581214012,1,0,1,0,0,0,0,0,0,0,0,0,0,0,0,0,0,0,1,0,0,0,-0.4475368430457585,0
-0.08893585738010504,-0.5315267635922077,-0.8594789770954098,-1.1818940269057001,0,1,-0.02640048091761177,0,0,0,0,0,1,0,0,0,0,0,0,0,0,0,0,0,0,0,0,0,0,-0.9785102586489391,0
0.1185889362120281,-0.4968572768401187,-0.8594789770954098,-1.1818940269057001,0,1,0.020743628342825955,0,0,0,0,0,1,0,0,0,0,0,0,0,0,0,1,0,0,0,0,0,0,-0.9785102586489391,0
0.192443988369185,-0.29832084487566224,0.20012461616295585,-0.11059313454843717,0,2,0.43079323675546694,2,0,0,0,0,1,0,0,0,0,0,0,0,0,0,0,0,0,1,0,0,0,-0.47497846305890534,1
-0.3782039018363783,-0.8882027926483583,-0.7117231694173478,0.4554833929594987,3,1,-0.05401813070224999,3,1,0,0,0,0,0,0,0,0,1,0,0,0,0,0,0,0,1,0,0,0,-0.5719559590371942,1
0.7810576052093248,0.06069670375246617,-0.8594789770954098,-1.1818940269057001,0,1,-0.10974959100604,0,0,0,0,0,0,0,0,0,0,0,0,0,0,0,1,0,0,0,0,0,0,-0.9785102586489391,0
0.11779436222677903,0.30571988859265176,-0.037059777736917154,0.017837912465112682,5,2,-0.10969993482201995,2,1,0,0,0,0,0,0,0,0,0,0,0,0,0,0,1,0,0,0,0,0,-0.3279933836531911,1
-0.8826895773033597,-1.0613351922724439,-0.8343916791865751,-0.6675809276569257,5,2,-0.12811152780718266,3,0,0,0,0,0,0,0,0,0,0,0,0,0,0,1,0,1,0,0,0,0,-0.6403044407990537,0
-0.6469427167197237,-0.7742049084381709,-0.8594789770954098,-1.1818940269057001,3,2,-0.12686935502872893,0,1,0,0,0,0,0,0,0,0,0,0,0,0,0,0,0,0,1,0,0,0,-0.965688354801447,0
3.011215938447805,1.9376664598178857,-0.8594789770954098,-1.1818940269057001,0,1,0.013739560976503765,0,0,0,0,0,0,0,0,0,0,0,0,0,0,0,0,0,0,0,1,0,0,1.1107631973117547,1
-0.09438989681909687,-0.18231293678438884,-0.19465661396009037,-0.06189036315491231,5,2,-0.10797423401478333,2,1,0,0,0,0,0,0,0,0,0,0,0,0,0,0,0,0,1,0,0,0,-0.9785102586489391,1
-0.27505130764524266,-0.8281569973480372,-0.8594789770954098,-1.1818940269057001,3,1,-0.10437491379407576,0,1,0,0,0,0,0,0,0,0,0,0,0,0,0,1,0,0,0,0,0,0,-0.23003547159306648,1
-0.3197979266619379,-0.7672735660983119,-0.4450650215491182,-0.02355791132866418,4,1,-0.07837481909205102,2,1,0,0,0,0,0,0,0,0,0,0,0,0,0,0,0,0,1,0,0,0,-0.3756344802916973,1
-0.38832492912909583,-0.9234915565658373,-0.6716539404120873,-0.21601660408332762,5,1,-0.12831442465640483,4,1,0,0,0,0,0,0,0,0,0,0,0,0,0,0,0,0,0,0,0,0,-0.7454281040446867,0
1.684645420701844,0.8211839643882864,-0.8594789770954098,-1.1818940269057001,0,1,-0.1304715786841269,0,0,0,0,0,1,0,0,0,0,0,0,0,0,0,1,0,0,0,0,0,0,-0.8951937530946019,0
-0.859735898753622,-1.107359156054927,-0.32159651386828225,-0.2890161994281545,11,2,0.06060818567713276,2,1,0,0,0,0,0,0,0,0,0,0,0,0,0,0,0,0,1,1,0,0,-0.7197538362570415,1
3.5522334495910717,2.3930034153976707,4.295397947294231,3.3427423941917676,3,1,-0.1259797509209311,1,1,0,0,0,0,0,0,0,0,0,0,0,0,0,1,0,0,1,0,0,0,-0.4673695418824142,1
-0.6069126307703905,-1.1074616805313307,-0.890905175528613,-0.8526308263518588,5,1,-0.13096411691876747,2,0,0,0,0,0,0,0,0,0,0,0,0,0,0,0,0,1,0,0,0,0,-0.9785102586489391,0
0.9548237658321104,0.20694364203283322,-0.8594789770954098,-1.1818940269057001,0,1,-0.12374459978238728,0,1,0,0,0,0,0,0,0,0,0,0,0,0,0,0,0,0,0,0,0,0,-0.4475368430457585,0
0.05868665277719172,-0.327117956984012,0.22035843668531058,0.3287214231466935,13,2,0.010394457708407499,3,0,0,0,0,0,0,0,0,0,0,0,0,0,0,0,0,0,1,1,0,0,-0.6527955460740054,1
-0.2688779018852653,-0.7405926236426249,-0.7782239187395688,-0.6642672059828393,1,1,-0.11985902236296368,1,1,0,0,0,0,0,0,0,0,0,0,0,0,0,1,0,0,1,0,0,0,-0.40152950452943464,1
-0.17239295830358548,-0.6904588456180637,-0.5201408266327583,-0.21138946325326835,8,1,-0.1199973228358792,3,0,0,0,0,0,0,0,0,0,0,0,0,0,0,0,0,0,0,0,0,0,-0.4475368430457585,1
-0.04352766938758486,-0.43644698874552657,-0.8926180274371057,0.07201204514127887,3,2,-0.12138842634043319,4,0,0,0,0,0,0,1,0,0,0,0,0,0,0,0,0,1,0,0,0,0,-0.9120740954644921,0
0.48030437516711655,1.0378963454152477,1.237758976974073,0.6516175446994776,3,5,0.14898910552724026,1,1,0,0,0,0,0,0,0,0,0,0,0,0,0,0,0,0,1,0,1,0,-0.0960749205704497,1
-0.5984987121506978,-1.1003802681742871,-0.7964539872866095,-0.9701041407290838,3,1,-0.1312341285965563,1,0,0,0,0,0,0,0,0,0,0,1,0,0,0,0,0,1,0,0,0,0,-0.9785102586489391,0
1.1682006019741955,0.3865281415342833,-0.8594789770954098,-1.1818940269057001,0,1,-0.10428435984939251,0,0,0,0,0,1,0,0,0,0,0,0,0,0,0,0,0,0,0,0,0,0,-0.6279630025608656,1
-0.17147427513472147,0.482321720790758,1.2604926773486136,1.3961001845810124,28,3,-0.045156893853488964,4,1,0,0,0,0,0,0,0,0,0,0,0,0,0,0,0,0,1,0,0,0,-0.546633435897336,1
1.295680273949047,1.4296897541191997,1.9078924132249515,1.237482113620406,2,1,-0.08625067272568115,1,0,0,0,0,0,0,0,0,0,0,0,0,0,0,1,0,0,0,0,0,0,-0.19403280328844563,1
0.9444169457455764,0.5883373638261788,0.7610920441301763,0.6415474794392824,5,1,0.0626784959976635,1,0,0,0,0,1,0,0,0,0,0,0,0,0,0,0,0,0,0,0,0,0,0.33607044939625713,0
-2.661244094115542,-2.544368489767705,-2.0751067785787862,-1.6430343735874,6,1,-0.12220842768720803,2,0,0,0,0,0,0,0,0,0,0,0,0,0,0,0,0,1,0,0,0,0,-0.9785102586489391,0
-0.7558760249867679,-1.2328338487481836,-0.8254063046904051,-0.8949512787871717,5,1,-0.13124762056287873,2,0,0,0,0,0,0,0,0,0,0,0,0,0,0,0,0,1,0,0,0,0,-0.9785102586489391,0
-0.11382229423499765,-0.36686716103109956,0.2228356053897764,0.041418461052741266,3,2,-0.028483694111297336,1,1,0,0,0,0,0,0,0,0,0,0,0,0,0,0,0,0,1,1,0,0,-0.29344837441146393,1
0.15883321275904005,0.7784837565152208,1.4125026328246084,0.8405984003138443,15,2,-0.033402487892260545,1,0,0,0,0,0,0,0,0,0,0,0,0,0,0,0,0,0,1,1,0,0,-0.4475368430457585,1
-0.815364086384835,-1.2829008284899284,-0.8594789770954098,-1.1818940269057001,1,1,-0.1307866331386088,0,0,0,0,0,1,0,0,0,0,0,0,0,0,0,1,0,1,0,0,0,0,-0.9785102586489391,0
-0.30033360894339,-0.592538243860224,-0.45801910723903233,-0.30751727939438817,12,2,-0.11654566728537732,2,1,0,0,0,0,0,0,0,0,0,0,0,0,0,0,1,0,0,0,0,0,-0.5927784251639514,0
-0.35495539903561346,-0.8954067350416951,1.4870197243386536,0.8695339064328262,3,1,-0.12125236440299152,1,0,0,0,0,0,0,0,0,0,0,0,0,0,0,0,0,0,0,0,0,0,-0.9708676988287521,0
0.3299770528635806,0.4195488138909094,-0.8594789770954098,-1.1818940269057001,3,2,-0.07170525049891147,0,0,0,0,0,1,0,0,0,0,0,0,0,0,0,1,0,0,0,0,0,0,3.3688300770634245,1
-0.42407684841276544,0.47490449353165104,-0.9705775034193244,0.1662346961065168,8,5,-0.07404932620889047,1,1,0,0,0,0,0,0,0,0,0,0,0,0,0,0,1,0,1,0,0,0,-0.5375343820146979,1
-0.8861027561444506,-1.3424366658088387,-0.8381965190092135,-1.1632878248304779,2,1,-0.12931177349012812,1,1,0,0,0,0,0,0,0,0,0,0,0,0,0,0,0,1,0,0,0,0,-0.9568843473682088,0
-0.0012199136680676181,0.7418172841591383,0.8414538920809204,0.36336655791723194,7,5,0.09628269684540719,1,1,0,0,0,0,0,0,0,0,0,0,0,0,0,1,0,0,1,1,1,1,0.31054998666053013,1
3.224490825669341,2.120174145641439,-0.8594789770954098,-1.1818940269057001,0,1,-0.10000992691051017,0,1,0,0,0,0,0,0,0,0,0,0,0,0,0,0,0,0,0,0,0,0,-0.9785102586489391,0
-0.7589491930542391,-1.2354203213909458,-0.19866670031413003,-0.6041784873856201,2,1,-0.13092196992064814,1,1,0,0,0,0,0,0,0,0,0,0,0,0,0,1,0,1,0,0,0,0,-0.42011082268284966,0
0.447213622861287,-0.22027664633330016,-1.1323049171826418,0.9173317929280571,3,1,-0.11212018340519221,3,0,0,0,0,0,0,0,0,0,0,0,0,0,0,0,0,0,0,0,0,0,-0.9265629202054066,1
0.12476048582608444,0.21921786289705525,0.7628601684857749,0.2942414525560042,14,2,-0.03578601890778516,1,0,0,0,0,0,0,0,0,0,0,0,0,0,0,0,0,0,1,1,0,0,-0.7085718034212898,1
0.3478531623794581,0.14096952660297432,-0.8594789770954098,-1.1818940269057001,2,2,-0.09277951526784277,0,0,0,0,0,0,0,0,0,0,0,0,0,0,0,1,0,0,1,0,0,0,0.11160814151451637,1
-0.34778473446077474,0.5359495510103908,-0.7124771671448029,0.19917881952173996,8,5,-0.05084667071197063,1,1,0,0,0,0,0,0,0,0,0,0,0,0,0,0,1,0,1,0,0,0,-0.4193404171503413,1
0.9908093029279835,0.7551451652195899,-0.8594789770954098,-1.1818940269057001,1,2,0.28385536018198293,0,1,0,0,0,0,0,0,0,0,0,0,0,0,0,1,1,0,0,1,0,0,0.23374143432853253,1
-3.0383475108998415,-3.1343774445137376,-2.0252198574113507,-1.8235458388673078,5,1,-0.13128304600402735,1,0,1,0,0,0,0,0,0,0,0,0,0,0,0,0,0,1,0,0,0,0,-0.9785102586489391,0
-0.3768937310184182,-0.5013261090081693,-0.842688785476739,-1.167215191553438,2,2,-0.026609358079610138,0,0,0,0,0,0,0,0,0,0,0,0,0,0,0,1,1,0,0,0,0,0,-0.6385478169680185,1
2.074229875301019,1.8138774854265112,-0.7723360563311185,-1.1057092748155672,1,3,0.2517824863897803,0,0,0,0,0,0,0,0,0,0,0,0,0,0,0,1,1,0,0,1,0,0,0.4051374951253611,1
-0.29953272787434065,-0.5884420579080738,0.6274223210590207,0.11803034777524109,3,1,-0.0810047680715298,1,0,0,0,0,0,0,0,0,0,0,0,0,0,0,1,0,0,0,1,0,0,-0.4475368430457585,1
0.7084814301490641,0.24392214865294115,-0.8594789770954098,-1.1818940269057001,3,1,-0.0987784348763173,0,0,0,0,0,0,0,0,0,0,0,0,0,0,0,1,0,0,0,0,0,0,-0.2486275035295031,1
-0.2596663991797795,-0.6653963255335225,-0.022021783797613215,-0.21506475297420544,12,2,0.0237164651762831,2,1,0,0,0,0,0,0,0,0,0,0,0,0,0,0,0,0,1,1,0,0,-0.8791810394153022,1
-0.28601766278283014,-0.5842826569954207,-0.27997770471125794,-0.455066696499031,6,1,-0.11063978192549576,2,0,0,0,0,0,0,0,0,0,0,0,0,0,0,0,0,0,1,0,0,0,3.1340358073799846,0
0.503962369513213,-0.13338389742958423,0.4210358813275722,-0.06240312413276761,3,1,-0.06375438346677702,1,0,0,0,0,0,0,0,0,0,0,0,0,0,0,1,0,0,0,1,0,0,-0.4475368430457585,1
0.15332099547271572,-0.2022819296694169,-0.8594789770954098,-1.1818940269057001,0,1,-0.08258096209278772,0,1,0,0,0,0,1,0,0,0,0,0,0,0,0,0,1,0,0,0,0,0,-0.4475368430457585,0
-0.8667432998633199,-1.326143152746568,-0.8404612385646292,-1.0848063211503562,3,1,-0.13117703836910227,1,0,0,0,0,1,0,0,0,0,0,0,0,0,0,1,0,1,0,0,0,0,-0.9785102586489391,0
-0.6378616159829728,-1.1335092971328742,-0.7302537316093645,-1.068918776537742,2,1,-0.13149349585942507,1,0,0,0,0,0,0,0,0,0,0,0,0,0,0,1,0,1,0,0,0,0,-0.9785102586489391,0
3.5092133775168364,2.35679640131099,-0.8594789770954098,-1.1818940269057001,0,1,-0.09171988556040717,0,1,0,0,0,0,0,0,0,0,0,0,0,0,0,0,0,0,0,0,0,0,-0.21904682983036605,0
-0.1924686276166752,-0.1543940877729478,-0.2137210802300094,-0.6173397882888132,4,2,0.2373220212685708,0,1,0,0,0,0,0,0,0,0,0,0,0,0,0,0,0,0,1,0,0,0,-0.9644334575385376,0
-0.40066712257887094,-0.6443603154474636,-0.8435087202322116,-1.167932020017849,2,2,-0.10383799715576814,1,0,0,0,0,0,0,0,0,0,0,0,0,0,0,0,1,0,0,0,0,0,-0.7585681042114679,1
-0.6170274560439085,-0.8501561468991489,-0.8594789770954098,-1.1818940269057001,2,2,-0.13125377619317335,0,1,0,0,0,0,0,0,0,0,0,0,0,0,0,0,0,1,0,0,0,0,-0.9785102586489391,1
-0.6247094484674844,-0.9146376754332618,-0.8594789770954098,-1.1818940269057001,3,2,-0.12907580243102265,0,0,0,0,0,0,0,0,0,0,0,0,0,0,0,0,0,1,0,0,0,0,-0.9785102586489391,0
-0.21885024547615697,0.639116351395695,-0.27628483689616556,0.25485474063019076,8,5,-0.011633934629391163,1,1,0,0,0,0,0,0,0,0,0,0,0,0,0,0,1,0,1,0,0,0,-0.2195913517300086,1
1.406971703569365,1.6376760461100255,-0.8105335869572781,-1.139103489465321,2,2,0.027031476722134067,0,0,0,0,0,0,0,0,0,0,0,0,0,0,0,0,1,0,0,1,0,0,0.7220659485783281,1
1.125358101998712,0.7341403244464497,0.21587514095012156,0.04700875170779034,2,2,0.005053523762215455,1,1,0,0,0,0,1,0,0,0,0,0,0,0,0,0,0,0,0,0,1,0,-0.40320363239119966,1
-1.1030085699259782,-0.9711518431095181,-1.0985442093147735,-1.0681894783109305,9,2,0.0006927225114109758,0,0,0,0,0,1,0,0,0,0,0,0,0,0,0,0,0,0,1,1,0,0,-0.3026828379289971,0
-0.025407706161365118,-0.19056940275882492,-0.05198380699247246,0.006927184775268769,4,2,0.0025205501760748594,2,1,0,0,0,0,0,0,0,0,0,0,0,0,0,0,0,0,1,0,0,0,-0.19759045045262513,0
1.2860316075715923,0.4856983352092445,-0.8594789770954098,-1.1818940269057001,0,1,-0.11281285969449578,0,0,0,0,0,1,0,0,0,0,0,0,0,0,0,0,0,0,1,0,0,0,-0.12157366380905277,0
-0.2733262736808798,-0.12438601008042063,-0.4007135659944041,0.03597108815051908,8,2,-0.0899490614450073,3,0,1,0,0,0,0,0,0,0,0,1,0,0,0,0,0,0,1,0,0,0,0.807772969868018,0
0.14175133283615063,0.10587304139802367,-0.31447179088444277,0.21873171258718338,5,2,-0.09921799255538377,3,1,0,0,0,0,0,0,0,0,0,0,0,0,0,0,0,0,0,1,0,0,-0.9031258192610834,1
-0.8850680812029015,-1.3415658515963669,-0.8594789770954098,-1.1818940269057001,2,1,-0.13061939287237806,1,0,0,0,0,1,0,0,0,0,0,0,0,0,0,0,0,1,0,0,0,0,-0.9785102586489391,0
0.7800699656991539,0.059865476003809315,-0.8594789770954098,-1.1818940269057001,0,1,-0.10868110758675169,0,0,0,0,0,1,0,0,0,0,0,0,0,0,0,1,0,0,0,0,0,0,-0.9785102586489391,0
0.07969245246343898,0.31361630261844253,-0.8594789770954098,-1.1818940269057001,2,2,-0.0855032683403986,0,1,0,0,0,0,0,0,0,0,0,0,0,0,0,1,0,0,0,1,0,0,0.13694701216645633,1
-0.29059200944171804,-0.7851540646552713,-0.8544119645833183,0.9809362508012284,2,1,0.008665802714092535,3,1,0,0,0,0,0,0,0,0,1,0,0,0,0,0,0,0,1,0,0,0,-0.7081858983449844,1
-0.8894106197217133,-1.345220665401682,-0.6366628564504171,-0.9870968963511793,1,1,-0.13130709405072163,1,0,0,0,0,0,0,0,0,0,0,1,0,0,0,0,0,1,0,0,0,0,-0.497683544498011,0
-0.44765073286220314,0.28881791579556804,-0.8594789770954098,-1.0396160604134634,4,5,-0.06267339671093067,0,0,0,0,0,0,0,0,0,0,0,0,0,0,0,0,1,0,0,0,0,0,-0.6158518192879485,1
-0.8372775189840364,-1.2560004059101537,-0.7584964550791378,-1.0814517521820026,5,1,-0.1315329993922009,1,0,0,0,0,0,0,0,0,0,0,0,0,0,0,0,0,1,0,0,0,0,-0.9785102586489391,0
-0.6749616694904013,-0.6453101244191987,-0.791774496769997,-0.6236213597306484,1,1,-0.10186948260905751,2,0,0,0,0,1,0,0,0,0,0,0,1,0,0,0,0,0,1,0,0,0,-0.9785102586489391,1
-0.7273460567333832,-0.9338058087473379,-0.8606057434200459,-0.8266531085798688,5,2,-0.12973045717140783,2,0,0,0,0,0,0,0,0,0,0,0,0,0,0,0,0,1,0,0,0,0,-0.4887203860352235,1
-0.45969424816728943,-0.4816826772372589,0.45520516216333723,-0.029424489193313953,7,2,-0.08729875289467959,1,1,0,0,0,0,0,0,0,0,0,0,0,0,0,0,0,0,1,0,0,0,-0.20058530405219202,1
-0.8283949625413027,-1.293868014127016,-0.5871025299533894,-0.943768750420715,1,1,-0.12521576023628073,1,1,0,0,0,0,0,1,0,0,0,0,0,0,0,0,0,0,0,0,0,0,-0.5460491465475522,0
-0.5688078180374674,-0.16259930502439474,0.23527990539557436,0.2664501569858493,12,3,-0.04374073085698731,3,0,0,0,0,0,0,0,0,0,0,0,0,0,0,0,0,0,1,0,0,0,-0.4065362239424143,0
0.8401117175954071,0.5766561700902569,0.8957490895187399,0.3526151901807866,4,1,0.10598890009489119,1,0,0,0,0,1,0,0,0,0,0,0,0,0,0,0,0,0,0,1,0,0,0.4889252239077389,1
1.2733654280684774,0.4750380894778487,-0.8346750136611516,-1.1602091466134388,0,1,-0.11619094522829129,0,0,0,0,0,0,0,0,0,0,0,0,0,0,0,0,1,0,0,0,0,0,-0.608561346177858,1
0.6175412615002066,0.2013069691193074,-0.8594789770954098,-1.1818940269057001,4,1,-0.029981108817833002,0,0,0,0,0,0,0,0,0,0,0,0,0,0,0,1,0,0,0,0,0,0,1.7965388923362688,1
-0.8475201475665783,-1.3099643573043498,-0.8594789770954098,-1.1818940269057001,1,1,-0.1314761249536914,1,0,0,0,0,0,0,0,0,0,0,0,0,0,0,1,0,1,0,0,0,0,-0.9785102586489391,0
0.6362442458952667,0.11159369774423944,-0.8594789770954098,-1.1818940269057001,2,2,-0.08551082615909264,0,0,0,0,0,0,0,0,0,0,0,0,0,0,0,1,0,0,1,0,0,0,0.4737397553969665,1
-0.06584571295094926,0.1412375880983634,-0.8541211914167242,-1.1772099794798996,2,2,-0.11418274980317333,0,0,0,0,0,1,0,0,0,0,0,0,0,0,0,1,0,0,0,0,0,0,-0.5518832446704747,1
-0.34139678685958785,-0.3258233857822428,-0.8594789770954098,-1.1818940269057001,0,1,-0.086705286745569,0,0,0,0,0,0,1,0,0,0,0,0,0,0,0,0,0,0,1,0,0,0,-0.5972897033621283,1
0.04445101479041934,0.28987004771910774,-0.800627247305051,-1.1304428659297963,2,2,-0.07814092311188846,0,1,0,0,0,0,0,0,0,0,0,0,0,0,0,0,1,0,0,1,0,0,0.17765225318121158,1
-0.8599525499862621,-1.313309180218937,-0.547758788078915,-0.9093724598819513,4,1,-0.12989895064278417,0,0,0,0,0,0,0,0,0,0,0,0,0,0,0,1,0,1,0,0,0,0,0.6806184567217531,0
-0.7497077371020692,-0.5598341665255107,-0.8594789770954098,-1.1818940269057001,9,2,-0.10887236322078153,0,0,0,0,0,0,0,0,0,0,0,0,0,0,0,0,0,0,1,0,0,0,-0.33589856264487794,1
0.048026233582276756,-0.19584516321057266,-0.08277321506908625,-0.02128330413517892,4,1,0.009029758646175862,2,1,0,0,0,0,0,0,0,0,0,0,0,0,0,0,0,0,1,0,0,0,-0.1845708938354531,1
-0.5782183123551847,-1.0833116607620874,-0.11500210267927079,-0.5310346614313225,6,1,-0.09257786559143903,1,0,0,0,0,0,0,0,0,0,0,0,0,0,0,0,0,0,0,0,0,0,-0.042857063583126576,0
-0.68396877598259,-1.081169433450021,-0.6217503839580637,-0.10429246240119627,1,1,-0.12649943009322162,2,0,0,0,0,0,0,1,0,0,0,0,0,0,0,0,0,1,0,0,0,0,1.651879225335794,0
-0.2615735934133493,0.38515762690509914,1.1732445960762983,1.307335914574212,28,3,-0.05207594144524555,4,1,0,0,0,0,0,0,0,0,0,0,0,0,0,0,0,0,1,0,0,0,-0.5266866496178388,1
